[2026-05-29T05:57:00.110Z] CRAWL START
[2026-05-29T05:57:00.113Z] START VAK
[2026-05-29T06:00:15.952Z] CRAWL START
[2026-05-29T06:00:15.955Z] START VAK
[2026-05-29T06:00:17.519Z] VAK journal error: столбец "source" в таблице "journals" не существует
[2026-05-29T06:00:18.377Z] VAK issue error: articles is not iterable
[2026-05-29T06:00:18.480Z] VAK journal error: столбец "source" в таблице "journals" не существует
[2026-05-29T06:00:19.377Z] VAK issue error: articles is not iterable
[2026-05-29T06:00:19.485Z] VAK journal error: столбец "source" в таблице "journals" не существует
[2026-05-29T06:00:20.437Z] VAK issue error: articles is not iterable
[2026-05-29T06:00:20.557Z] VAK journal error: столбец "source" в таблице "journals" не существует
[2026-05-29T06:00:21.444Z] VAK issue error: articles is not iterable
[2026-05-29T06:00:21.559Z] VAK journal error: столбец "source" в таблице "journals" не существует
[2026-05-29T06:00:22.433Z] VAK issue error: articles is not iterable
[2026-05-29T06:00:22.544Z] VAK journal error: столбец "source" в таблице "journals" не существует
[2026-05-29T06:00:23.461Z] VAK issue error: articles is not iterable
[2026-05-29T06:00:23.463Z] DONE: {"journals":0,"articles":0}
[2026-05-30T04:11:06.122Z] CRAWL START
[2026-05-30T04:11:06.126Z] START VAK
[2026-05-30T04:11:07.463Z] VAK journal error: столбец "source" в таблице "journals" не существует
[2026-05-30T04:11:08.367Z] VAK issue error: articles is not iterable
[2026-05-30T04:11:08.475Z] VAK journal error: столбец "source" в таблице "journals" не существует
[2026-05-30T04:11:09.383Z] VAK issue error: articles is not iterable
[2026-05-30T04:11:09.503Z] VAK journal error: столбец "source" в таблице "journals" не существует
[2026-05-30T04:11:10.380Z] VAK issue error: articles is not iterable
[2026-05-30T04:11:10.587Z] VAK journal error: столбец "source" в таблице "journals" не существует
[2026-05-30T04:11:11.445Z] VAK issue error: articles is not iterable
[2026-05-30T04:11:11.558Z] VAK journal error: столбец "source" в таблице "journals" не существует
[2026-05-30T04:11:12.321Z] VAK issue error: articles is not iterable
[2026-05-30T04:11:12.525Z] VAK journal error: столбец "source" в таблице "journals" не существует
[2026-05-30T04:11:13.469Z] VAK issue error: articles is not iterable
[2026-05-30T04:11:13.471Z] DONE: {"journals":0,"articles":0}
[2026-05-30T04:21:38.261Z] CRAWL START
[2026-05-30T04:21:38.265Z] START VAK
[2026-05-30T04:21:40.044Z] VAK JOURNAL: 3-квартал,Journal,год 2023

Edition № 3 (2023)
.chitat {
    padding: 1px 10px;
    text-align: center;
    text-decoration: none;
    text-transform: none !important;
    display: inline-block;
    font-size: 14px;
    margin: 4px 2px !important;
    -webkit-transition-duration: 0.4s; /* Safari */
    transition-duration: 0.4s;
    cursor: pointer;
}


.chitat2 {
    background-color: white; 
    color: black !important;
    border-radius: 4px; 
    border: 1px solid #008CBA;
}

.chitat2:hover {
    background-color: #008CBA;
    border-radius: 4px;
    color: white !important;
}

}

Тема рус.: 
Тема кыр.: 
Тема анг.:  Edition № 3 (2023)
Авторы рус.: 
Авторы кыр.: 
Авторы анг.: 
Страницы: 




    Читать  





	
		Опубликовано в 06.10.202306.10.2023 от Aikanysh Kurandieva	
	
	
		
		
				
			Далее →
		
	
	
		
					
			Опубликовано в 3-квартал,Journal,год 2023
[2026-05-30T04:21:40.901Z] VAK issue error: articles is not iterable
[2026-05-30T04:21:40.908Z] VAK JOURNAL: Edition № 3 (2023)
[2026-05-30T04:21:41.879Z] VAK issue error: articles is not iterable
[2026-05-30T04:21:41.886Z] VAK JOURNAL: 2-квартал,Journal,год 2023

Edition № 2 (2023)
.chitat {
    padding: 1px 10px;
    text-align: center;
    text-decoration: none;
    text-transform: none !important;
    display: inline-block;
    font-size: 14px;
    margin: 4px 2px !important;
    -webkit-transition-duration: 0.4s; /* Safari */
    transition-duration: 0.4s;
    cursor: pointer;
}


.chitat2 {
    background-color: white; 
    color: black !important;
    border-radius: 4px; 
    border: 1px solid #008CBA;
}

.chitat2:hover {
    background-color: #008CBA;
    border-radius: 4px;
    color: white !important;
}

}

Тема рус.:  Edition № 2 (2023)
Тема кыр.: 
Тема анг.: 
Авторы рус.: 
Авторы кыр.: 
Авторы анг.: 
Страницы: 




    Читать  





	
		Опубликовано в 17.05.202119.06.2023 от dastan	
	
	
		
		
				
			Далее →
		
	
	
		
					
			Опубликовано в 2-квартал,Journal,год 2023
[2026-05-30T04:21:42.686Z] VAK issue error: articles is not iterable
[2026-05-30T04:21:42.695Z] VAK JOURNAL: Edition № 2 (2023)
[2026-05-30T04:21:43.534Z] VAK issue error: articles is not iterable
[2026-05-30T04:21:43.541Z] VAK JOURNAL: 1-квартал,Journal,год 2023

Edition № 1 (2023)
.chitat {
    padding: 1px 10px;
    text-align: center;
    text-decoration: none;
    text-transform: none !important;
    display: inline-block;
    font-size: 14px;
    margin: 4px 2px !important;
    -webkit-transition-duration: 0.4s; /* Safari */
    transition-duration: 0.4s;
    cursor: pointer;
}


.chitat2 {
    background-color: white; 
    color: black !important;
    border-radius: 4px; 
    border: 1px solid #008CBA;
}

.chitat2:hover {
    background-color: #008CBA;
    border-radius: 4px;
    color: white !important;
}

}

Тема рус.:  Edition № 1 (2023)
Тема кыр.: 
Тема анг.: 
Авторы рус.: 
Авторы кыр.: 
Авторы анг.: 
Страницы: 




    Читать  





	
		Опубликовано в 20.04.202117.08.2023 от dastan	
	
	
		
		
				
			Далее →
		
	
	
		
					
			Опубликовано в 1-квартал,Journal,год 2023
[2026-05-30T04:21:44.526Z] VAK issue error: articles is not iterable
[2026-05-30T04:21:44.533Z] VAK JOURNAL: Edition № 1 (2023)
[2026-05-30T04:21:45.374Z] VAK issue error: articles is not iterable
[2026-05-30T04:21:45.377Z] DONE: {"journals":6,"articles":0}
[2026-05-30T04:40:02.769Z] CRAWL START
[2026-05-30T04:40:02.773Z] START VAK
[2026-05-30T04:40:03.973Z] DONE: {"journals":0,"articles":0}
[2026-05-30T04:40:42.354Z] CRAWL START
[2026-05-30T04:40:42.356Z] START VAK
[2026-05-30T04:40:43.257Z] START OSHSU
[2026-05-30T04:40:44.133Z] OSHSU JOURNAL: Журналы ОшГУ
[2026-05-30T04:40:44.508Z] OSHSU JOURNAL: Регистрация
[2026-05-30T04:40:45.266Z] OSHSU JOURNAL: Вход
[2026-05-30T04:40:45.644Z] OSHSU JOURNAL: Вестник Ошского государственного университета
[2026-05-30T04:40:47.845Z] OSHSU ARTICLE: ОЦЕНКА УЛЬТРАЗВУКОВОЙ КАРТИНЫ ЖЕЛЧЕ-КАМЕННОЙ БОЛЕЗНИ И ДЕСТРУКТИВНОГО ХОЛЕЦИСТИТА В ПРОСПЕКТИВНОМ ИССЛЕДОВАНИИ В КЫРГЫЗСКОЙ РЕСПУБЛИКЕ
[2026-05-30T04:40:47.852Z] OSHSU ARTICLE: ФИЗИКО-ХИМИЧЕСКАЯ ХАРАКТЕРИСТИКА РОТОВОЙ ЖИДКОСТИ ДЕТЕЙ 15 ЛЕТ, ПРОЖИВАЮЩИХ В РАЗЛИЧНЫХ ЭКОЛОГИЧЕСКИХ НЕБЛАГОПРИЯТНЫХ РЕГИОНАХ ЮГА КЫРГЫЗСТАНА
[2026-05-30T04:40:47.863Z] OSHSU ARTICLE: КЛИНИЧЕСКИЕ ПОДХОДЫ К ЛЕЧЕНИЮ ДЕТЕЙ С НАРУШЕНИЯМИ ПОЛОЖЕНИЯ ЗУБОВ И ФОРМЫ ЗУБНЫХ ДУГ
[2026-05-30T04:40:47.869Z] OSHSU ARTICLE: ПРИМЕНЕНИЕ НАНОЧАСТИЦ СЕРЕБРА В МЕДИЦИНЕ
[2026-05-30T04:40:47.876Z] OSHSU ARTICLE: ПАРАМЕТРЫ ОКИСЛИТЕЛЬНОГО СТРЕССА И ЭНДОГЕННОЙ ИНТОКСИКАЦИИ ПРИ ЭКСПЕРИМЕНТАЛЬНОМ МОДЕЛИРОВАНИИ ДЕСТРУКТИВНОГО ХОЛЕЦИСТИТА
[2026-05-30T04:40:47.881Z] OSHSU ARTICLE: ИССЛЕДОВАНИЕ ИСХОДОВ ОПЕРАТИВНОГО ВМЕШАТЕЛЬСТВА У ПОЖИЛЫХ И СТАРЧЕСКИХ ПАЦИЕНТОВ С ЖЕЛЧНОКАМЕННОЙ БОЛЕЗНЬЮ, ОСЛОЖНЁННОЙ ОСТРЫМ ХОЛЕЦИСТИТОМ И ХОЛЕДОХОЛИТИАЗОМ
[2026-05-30T04:40:47.886Z] OSHSU ARTICLE: КРИКЕТ КАК ИНСТРУМЕНТ МЯГКОЙ СИЛЫ ИНДИИ В МЕЖДУНАРОДНЫХ ОТНОШЕНИЯХ
[2026-05-30T04:40:47.890Z] OSHSU ARTICLE: ДАЛЬНЕЙШАЯ СУДЬБА ЕНИСЕЙСКИХ КЫРГЫЗОВ, ПЕРЕСЕЛЕННЫХ В ДЖУНГАРИЮ В 1703 ГОДУ
[2026-05-30T04:40:47.895Z] OSHSU ARTICLE: ОБЩЕСТВЕННАЯ И РЕЛИГИОЗНАЯ ЖИЗНЬ В СРЕДНЕЙ АЗИИ В КАРАХАНИДСКИЙ ПЕРИОД
[2026-05-30T04:40:47.901Z] OSHSU ARTICLE: КОНЦЕПТУАЛЬНАЯ МОДЕЛЬ ПОДГОТОВКИ СТУДЕНТОВ ТЕХНИЧЕСКИХ СПЕЦИАЛЬНОСТЕЙ К ПРИМЕНЕНИЮ ТЕХНОЛОГИЙ МАШИННОГО ОБУЧЕНИЯ
[2026-05-30T04:40:47.905Z] OSHSU ARTICLE: СОЦИАЛЬНАЯ СРЕДА КАК ФАКТОР ФОРМИРОВАНИЯ ГРАЖДАНСКОЙ ОТВЕТСТВЕННОСТИ МЛАДШИХ ШКОЛЬНИКОВ В УСЛОВИЯХ ПЕРЕХОДА НА ДВЕНАДЦАТИЛЕТНЕЕ ОБРАЗОВАНИЕ
[2026-05-30T04:40:47.911Z] OSHSU ARTICLE: АНАЛИЗ ЦЕННОСТНОГО СОДЕРЖАНИЯ ТЕКСТОВ В УЧЕБНИКАХ КЫРГЫЗСКОГО И АНГЛИЙСКОГО ЯЗЫКА 5-КЛАССОВ
[2026-05-30T04:40:47.915Z] OSHSU ARTICLE: НАУЧНО-ПЕДАГОГИЧЕСКИЕ ОСНОВЫ МОНИТОРИНГА КАЧЕСТВА ПЕДАГОГИЧЕСКОГО ОБРАЗОВАНИЯ В ВЫСШИХ УЧЕБНЫХ ЗАВЕДЕНИЯХ: НА ПРИМЕРЕ ОШСКОГО ГОСУДАРСТВЕННОГО УНИВЕРСИТЕТА
[2026-05-30T04:40:47.920Z] OSHSU ARTICLE: ИСПОЛЬЗОВАНИЕ СОЦИАЛЬНО-ЭМОЦИОНАЛЬНОГО ОБУЧЕНИЯ КАК КОМПОНЕНТА ПРЕПОДАВАНИЯ АНГЛИЙСКОГО ЯЗЫКА В СЕЛЬСКИХ ШКОЛАХ КЫРГЫЗСТАНА
[2026-05-30T04:40:47.924Z] OSHSU ARTICLE: АСИМПТОТИКА РЕШЕНИЯ ДВУХТОЧЕЧНОЙ КРАЕВОЙ ЗАДАЧИ С ВНУТРЕННИМ СЛОЕМ
[2026-05-30T04:40:47.928Z] OSHSU ARTICLE: РАЗРАБОТКА МОДЕЛЕЙ ГЛУБОКОГО ОБУЧЕНИЯ ДЛЯ ПРОГНОЗИРОВАНИЯ БОЛЕЗНЕЙ РАСТЕНИЙ  В СЕЛЬСКОМ ХОЗЯЙСТВЕ НА ОСНОВЕ НА ОСНОВЕ ВЕЙВЛЕТ ПРЕОБРАЗОВАНИЙ
[2026-05-30T04:40:47.933Z] OSHSU ARTICLE: МЕТОД КРИПТОГРАФИЧЕСКОЙ ВЕРИФИКАЦИИ ПОДЛИННОСТИ ЭЛЕКТРОННЫХ ДОКУМЕНТОВ ЗА ПРЕДЕЛАМИ СИСТЕМЫ ДОКУМЕНТООБОРОТА С ИСПОЛЬЗОВАНИЕМ ДИНАМИЧЕСКИХ QR-КОДОВ
[2026-05-30T04:40:47.938Z] OSHSU ARTICLE: БИОТЕСТИРОВАНИЕ И ТОКСИКОЛОГИЧЕСКИЕ ИСПЫТАНИЯ СИНТЕЗИРОВАННЫХ ГУМИНОВЫХ ПРЕПАРАТОВ
[2026-05-30T04:40:47.944Z] OSHSU ARTICLE: УГЛЕВОДНЫЙ СОСТАВ ПОЛИСАХАРИДНОГО КОМПЛЕКСА ВЫДЕЛЕННОГО ИЗ ACANTHOPHYLLUM SUBGLABRUM
[2026-05-30T04:40:47.948Z] OSHSU ARTICLE: НЕФОРМАЛЬНЫЕ ИНСТИТУТЫ И СОЦИАЛЬНЫЙ КАПИТАЛ В ПЕРИФЕРИЙНЫХ ЭКОНОМИКАХ: ПРИМЕР РЕГИОНАЛЬНОГО ПРЕДПРИНИМАТЕЛЬСТВА В КЫРГЫЗСТАНЕ
[2026-05-30T04:40:47.953Z] OSHSU ARTICLE: ЦИФРОВОЕ ПРИСУТСТВИЕ ЭПОСА “МАНАС” В РУССКОЯЗЫЧНОМ КОРПУСЕ GOOGLE BOOKS NGRAM VIEWER
[2026-05-30T04:40:47.956Z] OSHSU ARTICLE: ВЗГЛЯДЫ МУХТАРА БОРБУГУЛОВА НА ПРОИСХОЖДЕНИЕ ЭПОСА «МАНАС»
[2026-05-30T04:40:47.960Z] OSHSU ARTICLE: МОЛОДЁЖНЫЙ СЛЕНГ В ЭПОХУ ГЛОБАЛИЗАЦИИ: СРАВНИТЕЛЬНЫЙ АНАЛИЗ ЗАИМСТВОВАНИЙ В РУССКОМ И КЫРГЫЗСКОМ ЯЗЫКАХ
[2026-05-30T04:40:47.964Z] OSHSU ARTICLE: ТЕОРИЯ И ПРАКТИКА ИЗУЧЕНИЯ  КАТЕГОРИИ ПАДЕЖА В КЫРГЫЗСКОМ ЯЗЫКЕ
[2026-05-30T04:40:47.969Z] OSHSU ARTICLE: ИССЛЕДОВАНИЕ ВЫРАЖЕНИЙ КАТЕГОРИИ ПРЕДЛОЖНОГО ПАДЕЖА В КЫРГЫЗСКОМ ЯЗЫКЕ И ИХ СООТВЕТСТВИЙ В КИТАЙСКОМ ЯЗЫКЕ С МЕЖЪЯЗЫКОВОЙ ТОЧКИ ЗРЕНИЯ
[2026-05-30T04:40:47.974Z] OSHSU ARTICLE: ОСОБЕННОСТИ ПАМЯТИ ТӨКМӨ АКЫНОВ
[2026-05-30T04:40:47.978Z] OSHSU ARTICLE: СОВРЕМЕННАЯ КЫРГЫЗСКАЯ СЕМЬЯ И ПРОБЛЕМА РЕЛИГИОЗНОЙ ИДЕНТИЧНОСТИ ВЫЗЫВАЮЩАЯ СПОРЫ
[2026-05-30T04:40:47.985Z] OSHSU JOURNAL: Вестник Ошского государственного университета. Сельское хозяйство: агрономия, ветеринария и зоотехния
[2026-05-30T04:40:48.919Z] OSHSU ARTICLE: ЭКОНОМИКА АГРАРНОГО СЕКТОРА ТАЛАССКОЙ ОБЛАСТИ КЫРГЫЗСКОЙ РЕСПУБЛИКИ ПОД ВЛИЯНИЕМ КЛИМАТИЧЕСКИХ ФАКТОРОВ
[2026-05-30T04:40:48.923Z] OSHSU ARTICLE: ЭФФЕКТИВНОСТЬ ЛЕЧЕНИЯ ДИКТИОКАУЛЁЗА ОВЕЦ
[2026-05-30T04:40:48.927Z] OSHSU JOURNAL: Научный журнал теологического факультета
[2026-05-30T04:40:49.766Z] OSHSU ARTICLE: Methods of calling to faith through the “Quran”
[2026-05-30T04:40:49.770Z] OSHSU ARTICLE: Criticism of wahhabism and relations with salafis
[2026-05-30T04:40:49.773Z] OSHSU ARTICLE: The relationships of Jews with Central Asia
[2026-05-30T04:40:49.777Z] OSHSU ARTICLE: Jerusalem (al-quds) and its place in the three monotheistic religions
[2026-05-30T04:40:49.782Z] OSHSU ARTICLE: Method of understanding the “Quran”
[2026-05-30T04:40:49.786Z] OSHSU ARTICLE: Tafsir Activities of Turks in the Ottoman Context and the Reasons for the Predominant Use of Arabic in Ottoman Exegesis Works
[2026-05-30T04:40:49.789Z] OSHSU ARTICLE: Müslüman Dünyada Çağdaş Düşünce
[2026-05-30T04:40:49.794Z] OSHSU JOURNAL: Вопросы востоковедения
[2026-05-30T04:40:51.881Z] OSHSU ARTICLE: ОБЩИЕ ДИДАКТИЧЕСКИЕ, МЕТОДИЧЕСКИЕ И СПЕЦИАЛЬНЫЕ МЕТОДОЛОГИЧЕСКИЕ ПРИНЦИПЫ ПРЕПОДАВАНИЯ КИТАЙСКОЙ ФОНЕТИКИ
[2026-05-30T04:40:51.886Z] OSHSU ARTICLE: РАДИКАЛЬНОЕ ДВИЖЕНИЕ ТАЛИБАН В АФГАНИСТАНЕ
[2026-05-30T04:40:51.889Z] OSHSU ARTICLE: ИРАНО-ИРАКСКИЕ КОНФЛИКТЫ: ИСТОРИЯ И СОВРЕМЕННОЕ СОСТОЯНИЕ
[2026-05-30T04:40:51.894Z] OSHSU ARTICLE: «ИСЛАМСКАЯ РЕВОЛЮЦИЯ» В ИРАНЕ КАК ФАКТОР МЕЖДУНАРОДНЫХ ОТНОШЕНИЙ В ПОСЛЕДНЕЙ ЧЕТВЕРТИ XX ВЕКА
[2026-05-30T04:40:51.899Z] OSHSU ARTICLE: КОНФЛИКТЫ НА КОРЕЙСКОМ ПОЛУОСТРОВЕ: ИСТОРИЯ И СОВРЕМЕННОЕ СОСТОЯНИЕ
[2026-05-30T04:40:51.903Z] OSHSU ARTICLE: ПРОБЛЕМЫ И ПЕРСПЕКТИВЫ РАЗВИТИЯ БИЗНЕСА С ВОСТОЧНЫМИ СТРАНАМИ
[2026-05-30T04:40:51.906Z] OSHSU ARTICLE: ТРАДИЦИОННЫЕ ВИДЫ КОВРОВ И КОВРОВЫХ ИЗДЕЛИЙ (НА ПРИМЕРЕ КОВРА “АРАБИ”)
[2026-05-30T04:40:51.911Z] OSHSU ARTICLE: ПОЛОЖЕНИЕ ЖЕНЩИН ВО ВРЕМЯ И ПОСЛЕ ВЕЛИКОЙ ОТЕЧЕСТВЕННОЙ ВОЙНЫ
[2026-05-30T04:40:51.914Z] OSHSU ARTICLE: ОТ ИДЕИ СОЗДАНИЯ КЫРГЫЗСКОЙ ГОРНОЙ ОБЛАСТИ ДО ОБРАЗОВАНИЕ КАРА КЫРГЫЗСКОЙ АВТОНОМНОЙ ОБЛАСТИ: ИСТОЧНИКОВЕДЧЕСКИЕ ВОПРОСЫ
[2026-05-30T04:40:51.918Z] OSHSU ARTICLE: КОНЦЕПТУАЛЬНЫЕ ПРОБЛЕМЫ ВЕЛИКОЙ ОТЕЧЕСТВЕННОЙ ВОЙНЫ, ТРЕБУЮЩИЕ ДЕТАЛЬНОГО ИЗУЧЕНИЯ И УТОЧНЕНИЯ
[2026-05-30T04:40:51.922Z] OSHSU ARTICLE: ЖЕНСКАЯ МОДА В СССР ВО ВРЕМЯ ВЕЛИКОЙ ОТЕЧЕСТВЕННОЙ ВОЙНЫ: БАЛАНС МЕЖДУ ПРАКТИЧНОСТЬЮ И ЖЕНСТВЕННОСТЬЮ
[2026-05-30T04:40:51.926Z] OSHSU ARTICLE: ГЕРОИЗМ ИСМАИЛБЕКА ТАРАНЧИЕВА: ПОДВИГ КЫРГЫЗСКОГО ЛЁТЧИКА В ВЕЛИКОЙ ОТЕЧЕСТВЕННОЙ ВОЙНЕ
[2026-05-30T04:40:51.930Z] OSHSU ARTICLE: ПОНЯТИЕ СУННЫ В ДЖАХИЛИИ И ИСЛАМЕ
[2026-05-30T04:40:51.933Z] OSHSU ARTICLE: КИТАЙСКО-ТАЙВАНЬСКИЕ КОНФЛИКТЫ: ИСТОРИЯ И СОВРЕМЕННОЕ СОСТОЯНИЕ
[2026-05-30T04:40:51.937Z] OSHSU ARTICLE: ГЕОПОЛИТИЧЕСКИЕ И ЭКОНОМИЧЕСКИЕ ОТНОШЕНИЯ МЕЖДУ КЫРГЫЗСКОЙ РЕСПУБЛИКОЙ И РОССИЙСКОЙ ФЕДЕРАЦИЕЙ (1991-2024 ГГ.)
[2026-05-30T04:40:51.942Z] OSHSU ARTICLE: РОЛЬ ТУРЦИИ В ЦЕНТРАЛЬНОЙ АЗИИ: ПРИОРИТЕТ КЫРГЫЗСТАНА ВО ВНЕШНЕЙ ПОЛИТИКЕ ТУРЦИИ
[2026-05-30T04:40:51.947Z] OSHSU ARTICLE: ДИПЛОМАТИЧЕСКИЕ АСПЕКТЫ АРАБО-ИЗРАИЛЬСКОГО КОНФЛИКТА
[2026-05-30T04:40:51.952Z] OSHSU ARTICLE: ОСВЕНЦИМ В ПРОИЗВЕДЕНИЯХ ЕВРОПЕЙСКИХ И АМЕРИКАНСКИХ ПИСАТЕЛЕЙ
[2026-05-30T04:40:51.956Z] OSHSU ARTICLE: СОВРЕМЕННОЕ РАЗВИТИЕ АРАБСКОГО ОБЩЕСТВА
[2026-05-30T04:40:51.959Z] OSHSU ARTICLE: ИСТОРИЯ ВОЗНИКНОВЕНИЯ ДИАЛЕКТОВ И ПУТЬ РАЗВИТИЯ ЕДИНОГО НАЦИОНАЛЬНОГО ЯЗЫКА КНР – ПУТУНХУА
[2026-05-30T04:40:51.963Z] OSHSU ARTICLE: ЦЕНТРАЛЬНАЯ АЗИЯ В ЕВРОПЕ: ФОРМИРОВАНИЕ, ДЕЯТЕЛЬНОСТЬ И СУДЬБА ТУРКЕСТАНСКОГО ЛЕГИОНА ВО ВТОРОЙ МИРОВОЙ ВОЙНЕ
[2026-05-30T04:40:51.966Z] OSHSU ARTICLE: ПОСЛОВИЦЫ, ПОГОВОРКИ И ПОВЕРЬЯ КЫРГЫЗОВ, СВЯЗАННЫЕ С КНУТОМ (КАМЧОЙ)
[2026-05-30T04:40:51.969Z] OSHSU ARTICLE: ЛИНГВИСТИЧЕСКОЕ ПРОСТРАНСТВО КИТАЯ КАК ВАЖНАЯ СОСТАВЛЯЮЩАЯ ЕДИНСТВА СТРАНЫ
[2026-05-30T04:40:51.974Z] OSHSU ARTICLE: ВОЕННО-ПОЛИТИЧЕСКОЕ СОТРУДНИЧЕСТВО В РАМКАХ ТАШКЕНТСКОГО СОГЛАШЕНИЯ В МЕЖДУНАРОДНО-ПОЛИТИЧЕСКОМ РАЗВИТИИ СТРАН ЦЕНТРАЛЬНОЙ АЗИИ
[2026-05-30T04:40:51.978Z] OSHSU ARTICLE: МУЗЫКАЛЬНОСТЬ КАК ТВОРЧЕСКИЙ СТИЛЬ ЧИНГИЗА АЙТМАТОВА
[2026-05-30T04:40:51.982Z] OSHSU ARTICLE: КОНКУРЕНЦИЯ МЕЖДУ КИТАЙСКИМИ И АНГЛИЙСКИМИ ЯЗЫКАМИ НА ДАЛЬНЕМ ВОСТОКЕ
[2026-05-30T04:40:51.985Z] OSHSU ARTICLE: СТРАНЫ ВОСТОКА, ГДЕ СВОБОДНО ГОВОРЯТ ПО-АНГЛИЙСКИ: РАСПРОСТРАНЕНИЕ, ПРИЧИНЫ И ПОСЛЕДСТВИЯ
[2026-05-30T04:40:51.990Z] OSHSU ARTICLE: ВЛИЯНИЕ РОДНОГО ЯЗЫКА НА ИЗУЧЕНИЕ ИНОСТРАННЫХ ЯЗЫКОВ
[2026-05-30T04:40:51.993Z] OSHSU ARTICLE: РОЛЬ КОРЕЙСКОГО ЯЗЫКА В СОЦИАЛЬНОЙ ИНТЕГРАЦИИ И МЕТОДЫ ИЗУЧЕНИЯ КОРЕЙСКОГО ЯЗЫКА
[2026-05-30T04:40:51.997Z] OSHSU ARTICLE: ЛИНГВОКУЛЬТУРОЛОГИЧЕСКИЙ АНАЛИЗ ПАРЕМИЙ ВОЕННО-ИСТОРИЧЕСКОГО СОДЕРЖАНИЯ В КЫРГЫЗСКОЙ И ВОСТОЧНОЙ ФОЛЬКЛОРНОЙ ТРАДИЦИИ
[2026-05-30T04:40:52.003Z] OSHSU ARTICLE: КЫРГЫЗСКО-КИТАЙСКОЕ СОТРУДНИЧЕСТВО В СФЕРЕ «ЗЕЛЕНЫХ» ИННОВАЦИЙ КАК ФАКТОР УСТОЙЧИВОГО РАЗВИТИЯ
[2026-05-30T04:40:52.008Z] OSHSU ARTICLE: АКТУАЛЬНОСТЬ ФИЛОЛОГИЧЕСКИХ И ЛИНГВИСТИЧЕСКИХ НАУК
[2026-05-30T04:40:52.012Z] OSHSU ARTICLE: ГЕОПОЛИТИЧЕСКАЯ СИТУАЦИЯ В СТРАНАХ ВОСТОКА И ЗАПАДА
[2026-05-30T04:40:52.016Z] OSHSU ARTICLE: ЕВРОПЕЙСКАЯ ШКОЛА ОРИЕНТАЛИСТОВ
[2026-05-30T04:40:52.019Z] OSHSU ARTICLE: АРАБИЗМЫ В КЫРГЫЗСКОМ ЯЗЫКЕ: ИСТОРИЯ, ИСПОЛЬЗОВАНИЕ И МЕСТО
[2026-05-30T04:40:52.022Z] OSHSU ARTICLE: МУСУЛЬМАНСКИЕ ТРАДИЦИИ И ПРАЗДНИКИ В КЫРГЫЗСКОМ НАРОДЕ
[2026-05-30T04:40:52.026Z] OSHSU ARTICLE: КЫРГЫЗСКО-ИРАНСКИЕ ДИПЛОМАТИЧЕСКИЕ ОТНОШЕНИЯ: ЭТАПЫ СТАНОВЛЕНИЯ И ПЕРСПЕКТИВЫ РАЗВИТИЯ
[2026-05-30T04:40:52.030Z] OSHSU ARTICLE: РЕГИОНАЛЬНЫЕ ОТРАСЛИ ВОСТОКОВЕДЕНИЯ: СТРУКТУРА И СПЕЦИФИКА НАУЧНОГО ИЗУЧЕНИЯ ВОСТОКА
[2026-05-30T04:40:52.033Z] OSHSU ARTICLE: ИСТОРИЯ ЭТНИЧЕСКИХ ОТНОШЕНИЙ И МИГРАЦИОННОГО ПРОЦЕССА В КЫРГЫЗСТАНЕ В НАЧАЛЬНЫЙ ПЕРИОД СОВЕТСКОЙ ВЛАСТИ (1920-40-Е ГГ.)
[2026-05-30T04:40:52.036Z] OSHSU ARTICLE: ИСТОРИЯ И СОВРЕМЕННОЕ СОСТОЯНИЕ ЯПОНО-КИТАЙСКИХ КОНФЛИКТОВ
[2026-05-30T04:40:52.043Z] OSHSU JOURNAL: Вестник Ошского государственного университета. История
[2026-05-30T04:40:53.034Z] OSHSU ARTICLE: ОТНОШЕНИЯ АДЖИ-БИЯ В СЕРЕДИНЕ XVIII ВЕКА С КОКАНДСКИМ ХАНСТВОМ И ДИНАСТИЕЙ ЦИН – НА ПРИМЕРЕ ЗАХВАТА ОША ИРДАНА-БЕКОМ
[2026-05-30T04:40:53.038Z] OSHSU ARTICLE: ИСТОРИЯ СТРОИТЕЛЬСТВА АВТОМОБИЛЬНЫХ ДОРОГ В КЫРГЫЗСТАНЕ В ПОСЛЕВОЕННЫЙ ПЕРИОД (1945-1960 ГГ.)
[2026-05-30T04:40:53.043Z] OSHSU ARTICLE: СТРАНЫ ЦЕНТРАЛЬНОЙ АЗИИ В ГОДЫ НЕЗАВИСИМОСТИ: РОЛЬ И ЗНАЧЕНИЕ НОВОГО УЗБЕКИСТАНА
[2026-05-30T04:40:53.048Z] OSHSU ARTICLE: ИЗ ИСТОРИИ ИЗУЧЕНИЯ УЧТЕПИНСКОГО АРХЕОЛОГИЧЕСКОГО ПАМЯТНИКА
[2026-05-30T04:40:53.052Z] OSHSU ARTICLE: КЫРГЫЗСКО-УЗБЕКСКИЕ ОТНОШЕНИЯ В КОНТЕКСТЕ АНКЛАВА СОХ: НОВЫЕ ВЫЗОВЫ И ПЕРСПЕКТИВЫ
[2026-05-30T04:40:53.055Z] OSHSU ARTICLE: АРХЕОЛОГИЧЕСКИЕ ПАМЯТНИКИ ЭПОХИ ВЕЛИКОГО ПЕРЕСЕЛЕНИЯ НАРОДОВ В ЮГО-ЗАПАДНОМ РЕГИОНЕ ФЕРГАНСКОЙ ДОЛИНЫ
[2026-05-30T04:40:53.061Z] OSHSU ARTICLE: ИСТОРИЯ СОЗДАНИЯ И РАЗВИТИЯ МОЛОДЕЖНОЙ ПОЛИТИКИ В ГОДЫ НЕЗАВИСИМОСТИ В КЫРГЫЗСКОЙ РЕСПУБЛИКЕ
[2026-05-30T04:40:53.065Z] OSHSU ARTICLE: ЛЕГЕНДАРНЫЙ АЙТМЕРЕК КУРБАШЫ ИЗ АЛАЙКУУ
[2026-05-30T04:40:53.068Z] OSHSU ARTICLE: ИСТОРИЯ РАЗВИТИЯ И ИНФОРМАЦИОННАЯ ПОЛИТИКИ ТЕЛЕВИЗИОННЫХ КАНАЛОВ В ГОРОДЕ ОШ (НА ПРИМЕРЕ «ПЯТОГО КАНАЛА»
[2026-05-30T04:40:53.075Z] OSHSU JOURNAL: Вестник Ошского государственного университета. Математика. Физика. Техника
[2026-05-30T04:40:54.068Z] OSHSU ARTICLE: Proving the correctness of the Collatz hypothesis
[2026-05-30T04:40:54.072Z] OSHSU ARTICLE: Задача сопряжения для уравнения составного и гиперболического типов четвертого порядка с двумя линиями изменения типа
[2026-05-30T04:40:54.076Z] OSHSU ARTICLE: Краевые задачи для уравнения смешанного типа 3-го порядка с переменными коэффициентами
[2026-05-30T04:40:54.080Z] OSHSU ARTICLE: Влияние малого возмущения на явление затягивания потери устойчи-вости
[2026-05-30T04:40:54.091Z] OSHSU ARTICLE: Нелинейная модель со свободной границей с переменными коэффициентами диффузии и адвекции для динамики популяции и загрязнителей в реках
[2026-05-30T04:40:54.112Z] OSHSU ARTICLE: Анализ и исследование солнечного отопления при проектировании жилых зданий
[2026-05-30T04:40:54.116Z] OSHSU ARTICLE: Разработка методики расчета тепловых потерь в элементах двухконтурных солнечных водонагревательных коллекторов
[2026-05-30T04:40:54.121Z] OSHSU JOURNAL: Вестник Ошского государственного университета. Химия. Биология. География
[2026-05-30T04:40:55.481Z] OSHSU ARTICLE: ИННОВАЦИОННЫЕ ПИТОМНИКИ В НОВЫХ УСЛОВИЯХ ВЫРАЩИВАНИЯ ПОСАДОЧНЫХ МАТЕРИАЛОВ
[2026-05-30T04:40:55.487Z] OSHSU ARTICLE: МЫШЕВИДНЫЕ ГРЫЗУНЫ ВЫСОКОГОРНОГО ВЫСОТНОГО ПОЯСА ЮЖНОГО КЫРГЫЗСТАНА
[2026-05-30T04:40:55.491Z] OSHSU ARTICLE: НАУЧНО-ИССЛЕДОВАТЕЛЬСКАЯ ДЕЯТЕЛЬНОСТЬ АКАДЕМИКА БЕКТЕМИРА МУРЗУБРАИМОВА: УСПЕШНЫЕ ИССЛЕДОВАНИЯ, ВОПЛОЩЕННЫЕ ИДЕИ, ВАЖНЫЕ УСПЕХИ
[2026-05-30T04:40:55.496Z] OSHSU ARTICLE: СЕРНОКИСЛОТНАЯ ПЕРЕРАБОТКА КАОЛИНА АНГРЕНСКОГО МЕСТОРОЖДЕНИЯ
[2026-05-30T04:40:55.505Z] OSHSU ARTICLE: КООРДИНИРОВАНИЕ СОЛЕЙ БИОМЕТАЛЛОВ С АЗОТО-, КИСЛОРОДО- И СЕРОСОДЕРЖАЩИМИ ОРГАНИЧЕСКИМИ ЛИГАНДАМИ
[2026-05-30T04:40:55.511Z] OSHSU ARTICLE: К ВОПРОСУ ГОСУДАРСТВЕННОЙ ПОДДЕРЖКИ  НАРОДНОГО РЕМЕСЛА
[2026-05-30T04:40:55.515Z] OSHSU ARTICLE: ОБЗОР НАУЧНОЙ ЛИТЕРАТУРЫ ПО НАРОДНЫМ РЕМЕСЛАМ: ОТРАСЛЕВЫЕ ВЗГЛЯДЫ
[2026-05-30T04:40:55.518Z] OSHSU ARTICLE: ПРИНЦИПЫ РАЦИОНАЛЬНОГО ПРИРОДОПОЛЬЗОВАНИЯ В МОСКОВСКОЙ ТЕРРИТОРИАЛЬНОЙ СХЕМЕ ОБРАЩЕНИЯ С ОТХОДАМИ
[2026-05-30T04:40:55.522Z] OSHSU ARTICLE: ВАЖНОСТЬ ОРГАНИЗАЦИИ ЭКСКУРСИОННЫХ ПОХОДОВ В ПОЗНАНИИ СВОЕГО КРАЯ
[2026-05-30T04:40:55.527Z] OSHSU ARTICLE: К ВОПРОСУ РАЗВИТИЯ ЛЕГКОЙ ПРОМЫШЛЕННОСТИ  В КЫРГЫЗСТАНЕ
[2026-05-30T04:40:55.531Z] OSHSU ARTICLE: ОБЗОР ЗАРУБЕЖНОЙ НАУЧНОЙ ЛИТЕРАТУРЫ  ПО ЛЕГКОЙ ПРОМЫШЛЕННОСТИ
[2026-05-30T04:40:55.535Z] OSHSU JOURNAL: Вестник Ошского государственного университета. Педагогика. Психология
[2026-05-30T04:40:56.717Z] OSHSU ARTICLE: МЕЖДУНАРОДНАЯ НАУЧНО-ПРАКТИЧЕСКАЯ КОНФЕРЕНЦИЯ «СОВРЕМЕННЫЕ ПОДХОДЫ И ТЕХНОЛОГИИ В МАТЕМАТИЧЕСКОМ ОБРАЗОВАНИИ» (12-13 СЕНТЯБРЯ 2025 г.)
[2026-05-30T04:40:56.720Z] OSHSU ARTICLE: МЕТОДИКА ИСПОЛЬЗОВАНИЯ ЖИЗНЕННЫХ ЗАДАЧ В СООТВЕТСТВИИ С ЦЕЛЯМИ УСТОЙЧИВОГО РАЗВИТИЯ В КУРСЕ МАТЕМАТИЧЕСКОГО АНАЛИЗА
[2026-05-30T04:40:56.756Z] OSHSU ARTICLE: ИСПОЛЬЗОВАНИЕ WOLFRAM В КАЧЕСТВЕ ЦИФРОВОГО ПОМОЩНИКА НА УРОКАХ МАТЕМАТИКИ: ПРЕИМУЩЕСТВА И ОГРАНИЧЕНИЯ
[2026-05-30T04:40:56.770Z] OSHSU ARTICLE: МЕТОДИКА АССЕССМЕНТ-ЦЕНТРА КАК ИНСТРУМЕНТ ОТБОРА ШКОЛЬНИКОВ ДЛЯ ИССЛЕДОВАТЕЛЬСКОЙ РАБОТЫ
[2026-05-30T04:40:56.784Z] OSHSU ARTICLE: ПРИМЕНЕНИЕ ДИФФЕРЕНЦИАЛЬНЫХ УРАВНЕНИЙ ПРИ ИЗУЧЕНИИ АЭРОГИДРОМЕХАНИКИ
[2026-05-30T04:40:56.787Z] OSHSU ARTICLE: ИЗУЧЕНИЕ ПОВЕРХНОСТЕЙ ВТОРОГО ПОРЯДКА С ИСПОЛЬЗОВАНИЕМ ИНФОРМАЦИОННЫХ ТЕХНОЛОГИЙ
[2026-05-30T04:40:56.791Z] OSHSU ARTICLE: РЕЗУЛЬТАТЫ ЭКСПЕРИМЕНТАЛЬНЫХ РАБОТ ПО ФОРМИРОВАНИЮ  РЕЗУЛЬТАТОВ ОБРАЗОВАНИЯ
[2026-05-30T04:40:56.795Z] OSHSU ARTICLE: ИНТЕГРАЦИЯ КЫРГЫЗСТАНА В МИРОВОЕ ОБРАЗОВАТЕЛЬНОЕ ПРОСТРАНСТВО  В РАМКАХ 12-ЛЕТНЕЙ СИСТЕМЫ ОБРАЗОВАНИЯ
[2026-05-30T04:40:56.798Z] OSHSU ARTICLE: ПЕДАГОГИЧЕСКИЕ ПОДХОДЫ К ПОДГОТОВКЕ УЧИТЕЛЕЙ В КОНТЕКСТЕ ЦИФРОВОЙ ТРАНСФОРМАЦИИ И ИСКУССТВЕННОГО ИНТЕЛЛЕКТА
[2026-05-30T04:40:56.801Z] OSHSU ARTICLE: ПРОСВЕЩЕНИЕ И ОБРАЗОВАНИЕ В ПСИХОЛОГИИ: ИНСТРУМЕНТЫ ПОВЫШЕНИЯ МЕНТАЛЬНОЙ ГРАМОТНОСТИ
[2026-05-30T04:40:56.805Z] OSHSU ARTICLE: СОВРЕМЕННЫЕ  ПОДХОДЫ  К  ВОСПИТАНИЮ  ПОДРОСТКОВ
[2026-05-30T04:40:56.809Z] OSHSU ARTICLE: ИСТОРИЯ СТАНОВЛЕНИЯ ПЕДАГОГИЧЕСКОГО МЕНЕДЖМЕНТА ЧЕРЕЗ УЧЕНИЯ СОВЕТСКИХ ПРОСВЕТИТЕЛЕЙ
[2026-05-30T04:40:56.815Z] OSHSU JOURNAL: Вестник Ошского государственного университета. Право
[2026-05-30T04:40:59.001Z] OSHSU ARTICLE: НРАВСТВЕННОЕ  ВОСПИТАНИЕ ОСУЖДЕННЫХ В ИСПРАВИТЕЛЬНЫХ УЧРЕЖДЕНИЯХ  КЫРГЫЗСКОЙ РЕСПУБЛИКИ- КАК МЕТОД ИСПРАВЛЕНИЯ И РЕСОЦИАЛИЗАЦИИ ОСУЖДЕННЫХ
[2026-05-30T04:40:59.004Z] OSHSU ARTICLE: ПРОФИЛАКТИКА ПОДРОСТКОВОЙ НАРКОМАНИИ  В ОБРАЗОВАТЕЛЬНОЙ СРЕДЕ:  ПРАВОВОЙ И ПЕДАГОГИЧЕСКИЙ ПОДХОД
[2026-05-30T04:40:59.008Z] OSHSU ARTICLE: ИСКУССТВЕННЫЙ ИНТЕЛЛЕКТ В СФЕРЕ НОТАРИАТА
[2026-05-30T04:40:59.012Z] OSHSU ARTICLE: ИДЕИ ЖАНА МОБИЛЬОНА И ДЖОН ГОВАРДА В СОЗДАНИЕ ПЕРВЫХ ПЕНИТЕНЦИАРНЫХ УЧРЕЖДЕНИЯХ ИСПОЛНЕНИЯ УГОЛОВНЫХ НАКАЗАНИЙ
[2026-05-30T04:40:59.016Z] OSHSU ARTICLE: АДМИНИСТРАТИВНОЕ НАКАЗАНИЕ КАК МЕРА ГОСУДАРСТВЕННОГО ПРИНУДИТЕЛЬНОГО ДЕЙСТВИЯ
[2026-05-30T04:40:59.019Z] OSHSU ARTICLE: МЕТОДОЛОГИЧЕСКИЕ ОСНОВЫ АНАЛИЗА ПРОБЛЕМЫ ЖЕСТОКОГО ОБРАЩЕНИЯ С ДЕТЬМИ В СОВРЕМЕННОЙ СЕМЬЕ
[2026-05-30T04:40:59.023Z] OSHSU ARTICLE: ОСОБЕННОСТИ ЗАКЛЮЧЕНИЯ ДОГОВОРА ЭНЕРГОСНАБЖЕНИЯ
[2026-05-30T04:40:59.026Z] OSHSU ARTICLE: ПЕРСПЕКТИВЫ И НАПРАВЛЕНИЯ РАЗВИТИЯ РЫНКА СТРАХОВАНИЯ ИМУЩЕСТВА В КР
[2026-05-30T04:40:59.030Z] OSHSU ARTICLE: ОСОБЕННОСТИ ПРАВОВОГО ПОЛОЖЕНИЯ ИНОСТРАННЫХ ГРАЖДАН
[2026-05-30T04:40:59.034Z] OSHSU ARTICLE: ПАТРИОТИЧЕСКОЕ ВОСПИТАНИЕ В ИСПРАВИТЕЛЬНЫХ УЧРЕЖДЕНИЯХ КЫРГЫЗСКОЙ РЕСПУБЛИКИ-КАК МЕТОД ИСПРАВЛЕНИЯ И РЕСОЦИАЛИЗАЦИИ ОСУЖДЕННЫХ, ОТБЫВАЮЩИХ НАКАЗАНИЯ
[2026-05-30T04:40:59.037Z] OSHSU ARTICLE: ПОНЯТИЕ УГОЛОВНО-ПРОЦЕССУАЛЬНОЙ ЮРИСДИКЦИИ
[2026-05-30T04:40:59.041Z] OSHSU ARTICLE: ВЛИЯНИЕ ЦИФРОВЫХ ТЕХНОЛОГИЙ НА СОВЕРШЕНИЕ НАСИЛЬСТВЕННЫХ ПРЕСТУПЛЕНИЙ В ОТНОШЕНИИ НЕСОВЕРШЕННОЛЕТНИХ
[2026-05-30T04:40:59.045Z] OSHSU ARTICLE: СОДЕРЖАТЕЛЬНЫЕ СТОРОНЫ ГОСУДАРСТВЕННОГО ПРИНУЖДЕНИЯ
[2026-05-30T04:40:59.048Z] OSHSU ARTICLE: ПОНЯТИЕ ГОСУДАРСТВЕННОГО ПРИНУЖДЕНИЯ
[2026-05-30T04:40:59.052Z] OSHSU ARTICLE: К ЮБИЛЕЮ ИЗВЕСТНОГО УЧЕНОГО-ПРАВОВЕДА ВИКТОРА НИКОЛАЕВИЧА ГРИГОРЬЕВА
[2026-05-30T04:40:59.056Z] OSHSU ARTICLE: ПРИНЦИПЫ УГОЛОВНОГО ЗАКОНОДАТЕЛЬСТВА КАК РУКОВОДЯЩИЕ НАЧАЛО УГОЛОВНОГО ЗАКОНА
[2026-05-30T04:40:59.060Z] OSHSU ARTICLE: ЗАЩИТА АВТОРСКОГО ПРАВА В КЫРГЫЗСТАНЕ
[2026-05-30T04:40:59.065Z] OSHSU ARTICLE: ПРАВО НА БЛАГОПРИЯТНУЮ ОКРУЖАЮЩУЮ СРЕДУ И СПОСОБЫ  ЕГО ЗАЩИТЫ  В КЫРГЫЗСКОЙ РЕСПУБЛИКЕ
[2026-05-30T04:40:59.070Z] OSHSU ARTICLE: ПРАВОВОЕ РЕГУЛИРОВАНИЕ БРАЧНЫХ ОТНОШЕНИЙ В МЕЖДУНАРОДНОМ ЧАСТНОМ ПРАВЕ
[2026-05-30T04:40:59.073Z] OSHSU ARTICLE: МЕЖДУНАРОДНОЕ СОТРУДНИЧЕСТВО КЫРГЫЗСКОЙ РЕСПУБЛИКИ В ОБЛАСТИ ОБЕСПЕЧЕНИЯ БЕЗОПАСНОСТИ ХВОСТОХРАНИЛИЩ
[2026-05-30T04:40:59.077Z] OSHSU ARTICLE: МЕЖДУНАРОДНО-ПРАВОВАЯ ЗАЩИТА ПРАВ МИГРАНТОВ КЫРГЫЗСКОЙ РЕСПУБЛИКИ
[2026-05-30T04:40:59.081Z] OSHSU ARTICLE: ЗЛОУПОТРЕБЛЕНИЕ ЗАКОНОМ В КОРПОРАТИВНЫХ ПРАВООТНОШЕНИЯХ
[2026-05-30T04:40:59.084Z] OSHSU ARTICLE: ПРОБЛЕМЫ ЛЕГИТИМНОСТИ ЧЛЕНОВ КООРДИНАЦИОННОГО СОВЕТА НАЦИОНАЛЬНОГО ЦЕНТРА КЫРГЫЗСКОЙ РЕСПУБЛИКИ ПО ПРЕДУПРЕЖДЕНИЮ ПЫТОК
[2026-05-30T04:40:59.089Z] OSHSU ARTICLE: АКТУАЛЬНЫЕ ВОПРОСЫ ПРИМЕНЕНИЯ ИСКУССТВЕННОГО ИНТЕЛЛЕКТА В СУДЕБНОМ ПРОЦЕССЕ: ТЕОРИЯ И ПРАКТИКА
[2026-05-30T04:40:59.093Z] OSHSU ARTICLE: ВОПРОСЫ КАСАЮЩИЕСЯ СЕМЕЙНО-БЫТОВОГО НАСИЛИЯ В ОТНОШЕНИИ ЖЕНЩИН И ДЕТЕЙ
[2026-05-30T04:40:59.097Z] OSHSU ARTICLE: ТЕОРЕТИЧЕСКИЕ АСПЕКТЫ БОРЬБЫ С КИБЕРПРЕСТУПНОСТЬЮ С ИСПОЛЬЗОВАНИЕМ ИСКУССТВЕННОГО ИНТЕЛЛЕКТА
[2026-05-30T04:40:59.100Z] OSHSU ARTICLE: ПОНЯТИЕ ПРАВОСУДИЯ И ЕГО ФУНКЦИИ В СИСТЕМЕ РАЗДЕЛЕНИЯ ВЛАСТЕЙ
[2026-05-30T04:40:59.104Z] OSHSU ARTICLE: ПРИНЦИПЫ УГОЛОВНОГО ПРАВА
[2026-05-30T04:40:59.108Z] OSHSU ARTICLE: ПОНЯТИЕ АВТОРСКОГО ПРАВА В СИСТЕМЕ ИНТЕЛЛЕКТУАЛЬНОЙ СОБСТВЕННОСТИ
[2026-05-30T04:40:59.112Z] OSHSU ARTICLE: ПРОБЛЕМЫ ГЕНДЕРНОГО НАСИЛИЯ В КЫРГЫЗСКОЙ РЕСПУБЛИКЕ
[2026-05-30T04:40:59.116Z] OSHSU JOURNAL: Вестник Ошского государственного университета. Филология
[2026-05-30T04:40:59.973Z] OSHSU ARTICLE: ИССЛЕДОВАНИЕ БАШКИРСКОГО УЧЕНОГО АБДУЛКАДИРА ИНАНА ПО «ЭПОСУ МАНАС» В ТУРЦИИ
[2026-05-30T04:40:59.977Z] OSHSU ARTICLE: НАРОДНАЯ ЭТНОГРАФИЯ: ПРЕИМУЩЕСТВА И НЕДОСТАТКИ
[2026-05-30T04:40:59.981Z] OSHSU ARTICLE: РОЛЬ СИНОНИМИИ В ИЗУЧЕНИИ АНГЛИЙСКОГО ЯЗЫКА КАК ВТОРОГО
[2026-05-30T04:40:59.984Z] OSHSU ARTICLE: ИМПЛИЦИТНОЕ ВЫРАЖЕНИЕ ОБРАЗА ЖЕНЩИНЫ В ПОСЛОВИЦАХ И ПОГОВОРКАХ РУССКОГО И КЫРГЫЗСКОГО ЯЗЫКОВ
[2026-05-30T04:40:59.988Z] OSHSU ARTICLE: ОСОБЕННОСТИ ИСПОЛЬЗОВАНИЕ СИНОНИМОВ В КЫРГЫЗКОМ, РУССКОМ И АНГЛИЙСКОМ ЯЗЫКАХ
[2026-05-30T04:40:59.992Z] OSHSU ARTICLE: ПЕРСОНАЖИ-«ЧУЖАКИ» В ПРОИЗВЕДЕНИЯХ ЧИНГИЗА АЙТМАТОВА
[2026-05-30T04:40:59.996Z] OSHSU ARTICLE: ТИТУЛ “АТА” В ТЮРКСКОЙ ТИТУЛАТУРЕ
[2026-05-30T04:40:59.999Z] OSHSU ARTICLE: НАЗВАНИЯ ПЛЕМЕН КАРЛУКОВ
[2026-05-30T04:41:00.004Z] OSHSU JOURNAL: Вестник Ошского государственного университета. Экономика
[2026-05-30T04:41:01.265Z] OSHSU ARTICLE: ЦИФРОВАЯ ГРАМОТНОСТЬ НАСЕЛЕНИЯ И КАДРОВЫЙ ПОТЕНЦИАЛ В УСЛОВИЯХ ЦИФРОВОЙ ТРАНСФОРМАЦИИ ЭКОНОМИКИ КЫРГЫЗСТАНА
[2026-05-30T04:41:01.269Z] OSHSU ARTICLE: СТРАТЕГИЧЕСКОЕ ПЛАНИРОВАНИЕ КАК ФАКТОР ОБЕСПЕЧЕНИЯ УСТОЙЧИВОГО РАЗВИТИЯ РЕГИОНОВ (на примере Узгенского района)
[2026-05-30T04:41:01.272Z] OSHSU ARTICLE: УМНОЕ ФЕРМЕРСТВО: ПЕРСПЕКТИВЫ, ТЕХНОЛОГИИ И ВЫЗОВЫ РАЗВИТИЯ
[2026-05-30T04:41:01.277Z] OSHSU ARTICLE: ПЕРСПЕКТИВЫ РЕАЛИЗАЦИИ ПРИНЦИПОВ PRB и ESG-ПРОДУКТОВ  В ДЕЯТЕЛЬНОСТИ КОММЕРЧЕСКИХ БАНКОВ КЫРГЫЗСТАНА
[2026-05-30T04:41:01.280Z] OSHSU ARTICLE: ВЛИЯНИЕ ТРУДОВОЙ МИГРАЦИИ НА КАЧЕСТВО ТРУДОВОЙ ЖИЗНИ СЕЛЬСКОГО НАСЕЛЕНИЯ ЮЖНЫХ РЕГИОНОВ КЫРГЫЗСКОЙ РЕСПУБЛИКИ
[2026-05-30T04:41:01.284Z] OSHSU ARTICLE: ВЛИЯНИЕ АНТИРОССИЙСКИХ САНКЦИЙ НА ТОРГОВЛЮ МЕЖДУ РОССИЕЙ И КЫРГЫЗСТАНОМ (2022–2024 ГГ.)
[2026-05-30T04:41:01.288Z] OSHSU ARTICLE: УСПЕШНОЕ РАЗВИТИЕ ПРЕДПРИНИМАТЕЛЬСТВА В РЕГИОНАХ КЫРГЫЗСТАНА: УГРОЗЫ И ВЫЗОВЫ СО СТОРОНЫ ТЕНЕВОЙ ЭКОНОМИКИ
[2026-05-30T04:41:01.292Z] OSHSU ARTICLE: ИНФРАСТРУКТУРА ПРОДОВОЛЬСТВЕННОГО РЫНКА КЫРГЫЗСКОЙ РЕСПУБЛИКИ: СОСТОЯНИЕ, ПРОБЛЕМЫ И ПЕРСПЕКТИВЫ
[2026-05-30T04:41:01.296Z] OSHSU ARTICLE: ЭФФЕКТИВНОЕ РАЗВИТИЕ ИНФРАСТРУКТУРЫ ПРОДОВОЛЬСТВЕННОГО РЫНКА КЫРГЫЗСКОЙ РЕСПУБЛИКИ В УСЛОВИЯХ ЭКОНОМИЧЕСКОЙ ИНТЕГРАЦИИ
[2026-05-30T04:41:01.301Z] OSHSU ARTICLE: ГОСУДАРСТВЕННЫЙ СУВЕРЕНИТЕТ И ОБРАЗОВАТЕЛЬНАЯ ИСКЛЮЧЁННОСТЬ ДЕТЕЙ-БЕЖЕНЦЕВ РОХИНДЖА В БАНГЛАДЕШ
[2026-05-30T04:41:01.305Z] OSHSU ARTICLE: СОВРЕМЕННЫЕ ТЕНДЕНЦИИ И СТРУКТУРА ЭКСПОРТА УЗГЕНСКОГО РИСА: РЕГИОНАЛЬНЫЕ ОСОБЕННОСТИ И РОЛЬ В ЭКОНОМИЧЕСКОЙ ДИВЕРСИФИКАЦИИ АГРАРНОГО СЕКТОРА КЫРГЫЗСКОЙ РЕСПУБЛИКИ
[2026-05-30T04:41:01.310Z] OSHSU ARTICLE: ЛИЗИНГ КАК ИНСТРУМЕНТ ИНВЕСТИЦИОННОЙ ПОЛИТИКИ В КЫРГЫЗСКОЙ РЕСПУБЛИКЕ: НАЛОГОВОЕ РЕГУЛИРОВАНИЕ, ПРОБЛЕМЫ И ПЕРСПЕКТИВЫ
[2026-05-30T04:41:01.314Z] OSHSU ARTICLE: ПРОБЛЕМЫ АНАЛИЗА ВЛИЯНИЯ КОЛИЧЕСТВЕННОЙ ОЦЕНКИ НА АРЕНДУ И АРЕНДНЫЕ АКТИВЫ
[2026-05-30T04:41:01.319Z] OSHSU ARTICLE: ОПРЕДЕЛЕНИЕ ПРИОРИТЕНЫХ НАПРАВЛЕНИЙ РАЗВИТИЯ СЕЛЬСКОГО ХОЗЯЙСТВА В КОНТЕКСТЕ КЛАСТЕРНОГО УПРАВЛЕНИЯ
[2026-05-30T04:41:01.322Z] OSHSU ARTICLE: ИСКУССТВЕННЫЙ ИНТЕЛЛЕКТ В АУДИТЕ: МЕЖДУ ПРОРЫВОМ И РИСКАМИ
[2026-05-30T04:41:01.327Z] OSHSU ARTICLE: ПРОБЛЕМЫ НАЛОГООБЛОЖЕНИЯ КОММЕРЧЕСКИХ БАНКОВ В КЫРГЫЗСТАНЕ И НЕКОТОРЫЕ ВГЛЯДЫ НА ИХ РЕШЕНИЕ
[2026-05-30T04:41:01.331Z] OSHSU ARTICLE: МЕТОДИЧЕСКИЕ ПОДХОДЫ К УЧЕТУ ЗАТРАТ НА ДОБЫЧУ УГЛЯ В КОНТЕКСТЕ ВНЕДРЕНИЯ СТАНДАРТОВ УСТОЙЧИВОГО РАЗВИТИЯ
[2026-05-30T04:41:01.335Z] OSHSU JOURNAL: Вестник Ошского государственного университета. Философия. Социология. Политология
[2026-05-30T04:41:03.695Z] OSHSU ARTICLE: О НЕЙТРАЛИЗАЦИИ ДЕСТРУКТИВНЫХ ИДЕОЛОГИЙ: ПРЕЗЕНТАЦИЯ ИДЕЙ
[2026-05-30T04:41:03.700Z] OSHSU ARTICLE: РАЗВИТИЕ ГУМАНИТАРНОЙ ДИПЛОМАТИИ В ЦЕНТРАЛЬНОЙ АЗИИ: ОПЫТ И ПРАКТИКИ МЕЖДУНАРОДНОГО ДВИЖЕНИЯ КРАСНОГО КРЕСТА И КРАСНОГО ПОЛУМЕСЯЦА
[2026-05-30T04:41:03.703Z] OSHSU ARTICLE: АНАЛИЗ ПОТЕНЦИАЛА ШОС В СИСТЕМЕ ГЛОБАЛЬНОГО УПРАВЛЕНИЯ
[2026-05-30T04:41:03.708Z] OSHSU ARTICLE: ВЛИЯНИЕ ГЛОБАЛИЗАЦИИ НА КУЛЬТУРУ КЫРГЫЗСТАНА И ЦЕННОСТИ МОЛОДЕЖИ: МЕЖДУНАРОДНЫЕ АСПЕКТЫ
[2026-05-30T04:41:03.713Z] OSHSU ARTICLE: СОТРУДНИЧЕСТВО СТРАН СНГ В ПРОТИВОДЕЙСТВИИ ТЕРРОРИЗМУ
[2026-05-30T04:41:03.716Z] OSHSU ARTICLE: СОВРЕМЕННАЯ ВНЕШНЕПОЛИТИЧЕСКАЯ СТРАТЕГИЯ СИ ЦЗИНЬПИНА
[2026-05-30T04:41:03.720Z] OSHSU ARTICLE: СТРАТЕГИЯ ЕВРОПЕЙСКОГО СОЮЗА «ГЛОБАЛЬНЫЙ ПОРТАЛ» КАК ИНСТРУМЕНТ ЭКОНОМИЧЕСКОЙ ДИПЛОМАТИИ И УСТОЙЧИВОГО РАЗВИТИЯ В ЦЕНТРАЛЬНОЙ АЗИИ
[2026-05-30T04:41:03.724Z] OSHSU ARTICLE: ИСТОРИКО-КУЛЬТУРНОЕ ВЗАИМОДЕЙСТВИЕ КЫРГЫЗСТАНА И ФРАНЦИИ ЧЕРЕЗ ПРИЗМУ ДИПЛОМАТИЧЕСКИХ ОТНОШЕНИЙ
[2026-05-30T04:41:03.729Z] OSHSU ARTICLE: КОРПОРАТИВНАЯ ОТВЕТСТВЕННОСТЬ КАК ИНСТРУМЕНТ ЗАЩИТЫ ПРАВ ИНВЕСТОРОВ В КЫРГЫЗСТАНЕ
[2026-05-30T04:41:03.733Z] OSHSU ARTICLE: СУБЪЕКТЫ И КЛАССИФИКАЦИЯ КОРПОРАТИВНОЙ ОТВЕТСТВЕННОСТИ В СОВРЕМЕННОМ ПРАВЕ
[2026-05-30T04:41:03.737Z] OSHSU ARTICLE: К ВОПРОСУ О ПРАВОВОЙ АДАПТАЦИИ КОРПОРАТИВНЫХ ОБРАЗОВАНИЙ В СОВРЕМЕННЫХ УСЛОВИЯХ КР (НА ПРИМЕРЕ ОАО «НАЦИОНАЛЬНАЯ ЭЛЕКТРИЧЕСКАЯ СЕТЬ КЫРГЫЗСТАНА»)
[2026-05-30T04:41:03.744Z] OSHSU ARTICLE: К ВОПРОСУ О ПРАВОВОЙ ЗАЩИТЕ ДЕТЕЙ В КЫРГЫЗСТАНЕ НА СОВРЕМЕННОМ ЭТАПЕ
[2026-05-30T04:41:03.748Z] OSHSU ARTICLE: ОБЕСПЕЧЕНИЕ ГЕНДЕРНОГО РАВЕНСТВА – ПРИОРИТЕТНОЕ НАПРАВЛЕНИЕ СТРАТЕГИИ НОВОГО УЗБЕКИСТАНА
[2026-05-30T04:41:03.752Z] OSHSU ARTICLE: ТЮРКСКИЕ ТРАДИЦИИ КОНЕВОДСТВА И КАВАЛЕРИИ НА СТЫКЕ ЦИВИЛИЗАЦИИ И ЭПОХ
[2026-05-30T04:41:03.756Z] OSHSU ARTICLE: ЖЕНЩИНЫ И СОЦИАЛЬНАЯ ЗАЩИТА В РЕГИОНАХ  КЫРГЫЗСТАНА
[2026-05-30T04:41:03.760Z] OSHSU ARTICLE: ЗАГРЯЗНЕНИЕ ВОЗДУХА ОТ ВЫБРОСОВ ТРАНСПОРТА И СОЦИАЛЬНАЯ УЯЗВИМОСТЬ ЛЮДЕЙ С ИНВАЛИДНОСТЬЮ В ГОРОДЕ ОШ
[2026-05-30T04:41:03.764Z] OSHSU ARTICLE: ОБРАЗОВАТЕЛЬНЫЕ БАРЬЕРЫ ДЛЯ СТУДЕНТОВ С ИНВАЛИДНОСТЬЮ
[2026-05-30T04:41:03.767Z] OSHSU ARTICLE: ФОРМИРОВАНИЕ КЫРГЫЗСКОЙ ТРАДИЦИОННОЙ МУЗЫКАЛЬНОЙ КУЛЬТУРЫ
[2026-05-30T04:41:03.770Z] OSHSU ARTICLE: ИЗУЧЕНИЕ ТРАДИЦИОННОГО МУЗЫКАЛЬНОГО ТВОРЧЕСТВА КҮҮ И ЕГО МЕСТА В НАЦИОНАЛЬНОЙ КУЛЬТУРЕ
[2026-05-30T04:41:03.775Z] OSHSU ARTICLE: СМЫСЛ И ИСТОРИЯ РАЗВИТИЯ КОНЦЕПЦИИ ОРКЕСТРА
[2026-05-30T04:41:03.779Z] OSHSU ARTICLE: РАЗВИТИЕ ОРКЕСТРОВОГО ЖАНРА В РОССИИ И В СОВЕТСКИЙ ПЕРИОД
[2026-05-30T04:41:03.782Z] OSHSU ARTICLE: РАЗВИТИЕ МУЗЫКАЛЬНОГО ВОСПРИЯТИЯ У ДОШКОЛЬНИКОВ
[2026-05-30T04:41:03.786Z] OSHSU ARTICLE: ФОРМИРОВАНИЕ ЭСТЕТИЧЕСКОГО ВКУСА В СОВРЕМЕННОЙ СОЦИОКУЛЬТУРНОЙ СИТУАЦИИ
[2026-05-30T04:41:03.789Z] OSHSU ARTICLE: РОЛЬ ИСКУССТВА В ПРОЦЕССЕ СОЦИАЛИЗАЦИИ ЧЕЛОВЕКА
[2026-05-30T04:41:03.794Z] OSHSU ARTICLE: РОЛЬ МУЗЫКИ В ЖИЗНИ ЧЕЛОВЕКА В ЭПОХУ ГЛОБАЛИЗАЦИИ
[2026-05-30T04:41:03.797Z] OSHSU ARTICLE: ТВОРЧЕСКИЙ ПУТЬ КЫРГЫЗСКОГО КОМПОЗИТОРА АСКАРА ТУЛЕЕВА
[2026-05-30T04:41:03.801Z] OSHSU ARTICLE: ИНТУИЦИЯ В ПРОЦЕССЕ ПОЗНАНИЯ
[2026-05-30T04:41:03.805Z] OSHSU ARTICLE: ПРОБЛЕМЫ РЕАЛИЗАЦИИ ГОСУДАРТСВЕННОЙ ПОЛИТИКИ В СФЕРЕ ВЫСШЕГО ОБРАЗОВАНИЯ (ФИЛОСОФСКИЙ АНАЛИЗ)
[2026-05-30T04:41:03.811Z] OSHSU JOURNAL: Вестник Ошского государственного университета. Медицина
[2026-05-30T04:41:05.112Z] OSHSU ARTICLE: РИСКИ ДЛЯ ОКРУЖАЮЩЕЙ СРЕДЫ И ЗДОРОВЬЯ, СВЯЗАННЫЕ С ИСПОЛЬЗОВАНИЕМ ПЕСТИЦИДОВ В КЫРГЫЗСТАНЕ
[2026-05-30T04:41:05.116Z] OSHSU ARTICLE: ДЕПРЕССИЯ И НАРУШЕНИЯ ПСИХИЧЕСКОГО ЗДОРОВЬЯ У СТУДЕНТОВ-МЕДИКОВ
[2026-05-30T04:41:05.119Z] OSHSU ARTICLE: ВЛИЯНИЕ ПРИВЫЧЕК И ПРОДОЛЖИТЕЛЬНОСТИ СНА НА УСПЕВАЕМОСТЬ И АДАПТАЦИЮ
[2026-05-30T04:41:05.123Z] OSHSU ARTICLE: ИСПОЛЬЗОВАНИЕ ИНФОРМАЦИОННЫХ ТЕХНОЛОГИЙ В ПРЕПОДАВАНИИ ДИСЦИПЛИНЫ “БИОХИМИЯ” СТУДЕНТАМ МЕЖДУНАРОДНОГО МЕДИЦИНСКОГО ФАКУЛЬТЕТА ОШГУ
[2026-05-30T04:41:05.127Z] OSHSU ARTICLE: ПРИМЕНЕНИЕ ЛЕКАРСТВЕННЫХ РАСТЕНИЙ ПРИ ОТРАВЛЕНИЯХ В РЕЗУЛЬТАТЕ НЕПРЕРЫВНОЙ РАБОТЫ ЗА КОМПЬЮТЕРОМ
[2026-05-30T04:41:05.130Z] OSHSU ARTICLE: БРОНХИАЛЬНАЯ АСТМА У ДЕТЕЙ: ПРИЗЫВ К ДЕЙСТВИЯМ В РАЗВИВАЮЩИХСЯ СТРАНАХ
[2026-05-30T04:41:05.133Z] OSHSU ARTICLE: ЭКСПРЕСС-МЕТОД ОПРЕДЕЛЕНИЯ БИОЛОГИЧЕСКОГО ВОЗРАСТА ЧЕЛОВЕКА
[2026-05-30T04:41:05.137Z] OSHSU JOURNAL: Journal of Osh State University. Differential Equations
[2026-05-30T04:41:06.127Z] OSHSU ARTICLE: Inverse Problem for a Nonlinear Pseudiparabolic Differential Equation with Final Condition and Gerasimov–Caputo Operator
[2026-05-30T04:41:06.130Z] OSHSU ARTICLE: Boundary Value Problem for a System of Fredholm Integro-Differential Equations with Maxima
[2026-05-30T04:41:06.134Z] OSHSU ARTICLE: Mathematical Modeling of a Reaction-Diffusion System with a Free Boundary
[2026-05-30T04:41:06.138Z] OSHSU ARTICLE: Boundary Value Problem for a Seventh Order Nonhomogeneous Partial Differential Equation
[2026-05-30T04:41:06.142Z] OSHSU ARTICLE: Nonlinear Fractional-Differential-Integral Equation with Product of Two Nonlinear Functions, Degeneration and Maxima
[2026-05-30T04:41:06.146Z] OSHSU ARTICLE: Optimal Control Problem for an Impulsive Systems of FunctionalDifferential Equations with a Nonlinear Function under the Sign of a First-Order Differential
[2026-05-30T04:41:06.150Z] OSHSU ARTICLE: Density-Type Properties of the Space of the Solutions of an Ordinary Differential Equation
[2026-05-30T04:41:06.153Z] OSHSU ARTICLE: A Boundary Value Problem with the Generalized M. Saigo Operator for a Mixed-Type Equation with the Hilfer Fractional Derivative
[2026-05-30T04:41:06.158Z] OSHSU ARTICLE: Boundary Value Problems with Mixed Dirichlet and Neumann Conditions for Three-Dimensional Degenerate Elliptic Equation
[2026-05-30T04:41:06.161Z] OSHSU ARTICLE: On G. E. Hutchinson Population Model for Fractional Differential Equations with Maxima
[2026-05-30T04:41:06.167Z] OSHSU JOURNAL: Научный журнал Арашанского гуманитарного института
[2026-05-30T04:41:06.413Z] OSHSU issue error: Request failed with status code 500
[2026-05-30T04:41:06.417Z] OSHSU JOURNAL: English
[2026-05-30T04:41:07.545Z] OSHSU JOURNAL: Türkçe
[2026-05-30T04:41:08.570Z] OSHSU JOURNAL: Кыргызча
[2026-05-30T04:41:09.289Z] OSHSU JOURNAL: Русский
[2026-05-30T04:41:10.203Z] DONE: {"journals":22,"articles":215}
[2026-05-30T04:48:00.221Z] CRAWL START
[2026-05-30T04:48:00.223Z] START VAK
[2026-05-30T04:48:01.597Z] DONE: {"journals":0,"articles":0}
[2026-05-30T04:51:49.041Z] CRAWL START
[2026-05-30T04:51:49.042Z] START VAK
[2026-05-30T04:51:50.164Z] DONE: {"journals":0,"articles":0}
[2026-05-30T04:57:52.442Z] CRAWL START
[2026-05-30T04:57:52.444Z] START VAK
[2026-05-30T04:57:54.110Z] DONE: {"journals":0,"articles":0}
[2026-05-30T05:11:09.712Z] CRAWL START
[2026-05-30T05:11:09.715Z] START VAK
[2026-05-30T05:11:11.625Z] DONE: {"journals":0,"articles":0}
[2026-05-30T05:45:53.335Z] CRAWL START
[2026-05-30T05:45:53.338Z] START VAK
[2026-05-30T05:45:55.104Z] VAK JOURNAL: Edition № 3 (2023)
[2026-05-30T05:45:55.927Z] VAK JOURNAL: Edition № 2 (2023)
[2026-05-30T05:45:56.699Z] VAK JOURNAL: Edition № 1 (2023)
[2026-05-30T05:45:57.485Z] VAK JOURNAL: Выпуск № 4, 2025 год
[2026-05-30T05:45:58.243Z] VAK JOURNAL: Выпуск № 3, 2025 год
[2026-05-30T05:45:59.064Z] VAK JOURNAL: Выпуск № 2, 2025 год
[2026-05-30T05:45:59.833Z] VAK JOURNAL: Выпуск № 1, 2025 год
[2026-05-30T05:46:00.644Z] VAK JOURNAL: Выпуск №4, 2024 год
[2026-05-30T05:46:01.424Z] VAK JOURNAL: Выпуск №3, 2024 год
[2026-05-30T05:46:02.233Z] VAK JOURNAL: Выпуск №2, 2024 год
[2026-05-30T05:46:03.034Z] VAK JOURNAL: Выпуск №1, 2024 год
[2026-05-30T05:46:03.856Z] VAK JOURNAL: Выпуск № 4, 2023 год
[2026-05-30T05:46:04.649Z] VAK JOURNAL: Выпуск №3, 2023 год
[2026-05-30T05:46:05.461Z] DONE: {"journals":13,"articles":0}
[2026-05-30T05:48:51.865Z] CRAWL START
[2026-05-30T05:48:51.868Z] START VAK
[2026-05-30T05:48:53.672Z] VAK JOURNAL: Edition № 3 (2023)
[2026-05-30T05:48:54.515Z] VAK JOURNAL: Edition № 2 (2023)
[2026-05-30T05:48:55.338Z] VAK JOURNAL: Edition № 1 (2023)
[2026-05-30T05:48:56.104Z] VAK JOURNAL: Выпуск № 4, 2025 год
[2026-05-30T05:48:56.867Z] VAK JOURNAL: Выпуск № 3, 2025 год
[2026-05-30T05:48:57.609Z] VAK JOURNAL: Выпуск № 2, 2025 год
[2026-05-30T05:48:58.359Z] VAK JOURNAL: Выпуск № 1, 2025 год
[2026-05-30T05:48:59.180Z] VAK JOURNAL: Выпуск №4, 2024 год
[2026-05-30T05:48:59.941Z] VAK JOURNAL: Выпуск №3, 2024 год
[2026-05-30T05:49:00.711Z] VAK JOURNAL: Выпуск №2, 2024 год
[2026-05-30T05:49:01.481Z] VAK JOURNAL: Выпуск №1, 2024 год
[2026-05-30T05:49:02.258Z] VAK JOURNAL: Выпуск № 4, 2023 год
[2026-05-30T05:49:03.016Z] VAK JOURNAL: Выпуск №3, 2023 год
[2026-05-30T05:49:03.835Z] DONE: {"journals":13,"articles":0}
[2026-05-30T05:55:02.220Z] CRAWL START
[2026-05-30T05:55:02.223Z] START VAK
[2026-05-30T05:55:04.174Z] VAK JOURNAL: Edition № 3 (2023)
[2026-05-30T05:55:36.427Z] CRAWL START
[2026-05-30T05:55:36.429Z] START VAK
[2026-05-30T05:55:37.992Z] VAK JOURNAL: Edition № 3 (2023)
[2026-05-30T05:56:09.120Z] CRAWL START
[2026-05-30T05:56:09.121Z] START VAK
[2026-05-30T05:56:11.008Z] VAK JOURNAL: Edition № 3 (2023)
[2026-05-30T05:56:11.809Z] VAK JOURNAL: Edition № 2 (2023)
[2026-05-30T05:56:12.648Z] VAK JOURNAL: Edition № 1 (2023)
[2026-05-30T05:56:13.441Z] VAK JOURNAL: Выпуск № 4, 2025 год
[2026-05-30T05:56:14.212Z] VAK JOURNAL: Выпуск № 3, 2025 год
[2026-05-30T05:56:15.077Z] VAK JOURNAL: Выпуск № 2, 2025 год
[2026-05-30T05:56:15.859Z] VAK JOURNAL: Выпуск № 1, 2025 год
[2026-05-30T05:56:16.645Z] VAK JOURNAL: Выпуск №4, 2024 год
[2026-05-30T05:56:17.448Z] VAK JOURNAL: Выпуск №3, 2024 год
[2026-05-30T05:56:18.193Z] VAK JOURNAL: Выпуск №2, 2024 год
[2026-05-30T05:56:18.988Z] VAK JOURNAL: Выпуск №1, 2024 год
[2026-05-30T05:56:19.776Z] VAK JOURNAL: Выпуск № 4, 2023 год
[2026-05-30T05:56:20.582Z] VAK JOURNAL: Выпуск №3, 2023 год
[2026-05-30T05:56:21.422Z] DONE: {"journals":13,"articles":0}
[2026-05-30T05:56:59.962Z] CRAWL START
[2026-05-30T05:56:59.964Z] START VAK
[2026-05-30T05:57:01.694Z] VAK JOURNAL: Edition № 3 (2023)
[2026-05-30T05:57:19.876Z] CRAWL START
[2026-05-30T05:57:19.877Z] START VAK
[2026-05-30T05:57:21.559Z] VAK JOURNAL: Edition № 3 (2023)
[2026-05-30T05:57:34.830Z] CRAWL START
[2026-05-30T05:57:34.833Z] START VAK
[2026-05-30T05:57:36.458Z] VAK JOURNAL: Edition № 3 (2023)
[2026-05-30T05:57:37.195Z] VAK JOURNAL: Edition № 2 (2023)
[2026-05-30T05:57:37.988Z] VAK JOURNAL: Edition № 1 (2023)
[2026-05-30T05:57:38.781Z] VAK JOURNAL: Выпуск № 4, 2025 год
[2026-05-30T05:57:39.627Z] VAK JOURNAL: Выпуск № 3, 2025 год
[2026-05-30T05:57:40.485Z] VAK JOURNAL: Выпуск № 2, 2025 год
[2026-05-30T05:57:41.209Z] VAK JOURNAL: Выпуск № 1, 2025 год
[2026-05-30T05:57:41.996Z] VAK JOURNAL: Выпуск №4, 2024 год
[2026-05-30T05:57:42.773Z] VAK JOURNAL: Выпуск №3, 2024 год
[2026-05-30T05:57:43.556Z] VAK JOURNAL: Выпуск №2, 2024 год
[2026-05-30T05:57:44.359Z] VAK JOURNAL: Выпуск №1, 2024 год
[2026-05-30T05:57:45.146Z] VAK JOURNAL: Выпуск № 4, 2023 год
[2026-05-30T05:57:45.928Z] VAK JOURNAL: Выпуск №3, 2023 год
[2026-05-30T05:57:46.709Z] DONE: {"journals":13,"articles":0}
[2026-05-30T06:03:11.217Z] CRAWL START
[2026-05-30T06:03:11.220Z] START VAK
[2026-05-30T06:03:13.075Z] VAK JOURNAL: Edition № 3 (2023)
[2026-05-30T06:03:13.863Z] VAK JOURNAL: Edition № 2 (2023)
[2026-05-30T06:03:14.718Z] VAK JOURNAL: Edition № 1 (2023)
[2026-05-30T06:03:15.479Z] VAK JOURNAL: Выпуск № 4, 2025 год
[2026-05-30T06:03:16.222Z] VAK JOURNAL: Выпуск № 3, 2025 год
[2026-05-30T06:03:16.975Z] VAK JOURNAL: Выпуск № 2, 2025 год
[2026-05-30T06:03:17.824Z] VAK JOURNAL: Выпуск № 1, 2025 год
[2026-05-30T06:03:18.622Z] VAK JOURNAL: Выпуск №4, 2024 год
[2026-05-30T06:03:19.423Z] VAK JOURNAL: Выпуск №3, 2024 год
[2026-05-30T06:03:20.157Z] VAK JOURNAL: Выпуск №2, 2024 год
[2026-05-30T06:03:20.975Z] VAK JOURNAL: Выпуск №1, 2024 год
[2026-05-30T06:03:21.807Z] VAK JOURNAL: Выпуск № 4, 2023 год
[2026-05-30T06:03:22.650Z] VAK JOURNAL: Выпуск №3, 2023 год
[2026-05-30T06:03:23.409Z] DONE: {"journals":13,"articles":0}
[2026-05-30T06:06:27.722Z] CRAWL START
[2026-05-30T06:06:27.725Z] START VAK
[2026-05-30T06:06:29.542Z] VAK JOURNAL: Edition № 3 (2023)
[2026-05-30T06:06:30.306Z] VAK JOURNAL: Edition № 2 (2023)
[2026-05-30T06:06:31.119Z] VAK JOURNAL: Edition № 1 (2023)
[2026-05-30T06:06:31.886Z] VAK JOURNAL: Выпуск № 4, 2025 год
[2026-05-30T06:06:32.670Z] VAK JOURNAL: Выпуск № 3, 2025 год
[2026-05-30T06:06:33.431Z] VAK JOURNAL: Выпуск № 2, 2025 год
[2026-05-30T06:06:34.202Z] VAK JOURNAL: Выпуск № 1, 2025 год
[2026-05-30T06:06:34.978Z] VAK JOURNAL: Выпуск №4, 2024 год
[2026-05-30T06:06:35.738Z] VAK JOURNAL: Выпуск №3, 2024 год
[2026-05-30T06:06:36.533Z] VAK JOURNAL: Выпуск №2, 2024 год
[2026-05-30T06:06:37.282Z] VAK JOURNAL: Выпуск №1, 2024 год
[2026-05-30T06:06:38.081Z] VAK JOURNAL: Выпуск № 4, 2023 год
[2026-05-30T06:06:38.869Z] VAK JOURNAL: Выпуск №3, 2023 год
[2026-05-30T06:06:39.639Z] DONE: {"journals":13,"articles":0}
[2026-05-30T06:09:53.719Z] CRAWL START
[2026-05-30T06:09:53.722Z] START VAK
[2026-05-30T06:09:55.835Z] VAK JOURNAL: Edition № 3 (2023)
[2026-05-30T06:11:18.877Z] CRAWL START
[2026-05-30T06:11:18.880Z] START VAK
[2026-05-30T06:11:20.468Z] VAK JOURNAL: Edition № 3 (2023)
[2026-05-30T06:11:21.187Z] VAK JOURNAL: Edition № 2 (2023)
[2026-05-30T06:11:21.969Z] VAK JOURNAL: Edition № 1 (2023)
[2026-05-30T06:11:22.758Z] VAK JOURNAL: Выпуск № 4, 2025 год
[2026-05-30T06:11:23.613Z] VAK JOURNAL: Выпуск № 3, 2025 год
[2026-05-30T06:11:24.369Z] VAK JOURNAL: Выпуск № 2, 2025 год
[2026-05-30T06:11:25.153Z] VAK JOURNAL: Выпуск № 1, 2025 год
[2026-05-30T06:11:25.964Z] VAK JOURNAL: Выпуск №4, 2024 год
[2026-05-30T06:11:26.762Z] VAK JOURNAL: Выпуск №3, 2024 год
[2026-05-30T06:11:27.598Z] VAK JOURNAL: Выпуск №2, 2024 год
[2026-05-30T06:11:28.362Z] VAK JOURNAL: Выпуск №1, 2024 год
[2026-05-30T06:11:29.088Z] VAK JOURNAL: Выпуск № 4, 2023 год
[2026-05-30T06:11:29.886Z] VAK JOURNAL: Выпуск №3, 2023 год
[2026-05-30T06:11:30.674Z] DONE: {"journals":13,"articles":0}
[2026-05-30T06:16:42.691Z] CRAWL START
[2026-05-30T06:16:42.694Z] START VAK
[2026-05-30T06:16:44.286Z] VAK JOURNAL: Edition № 3 (2023)
[2026-05-30T06:16:45.174Z] VAK JOURNAL: Edition № 2 (2023)
[2026-05-30T06:16:46.016Z] VAK JOURNAL: Edition № 1 (2023)
[2026-05-30T06:16:46.812Z] VAK JOURNAL: Выпуск № 4, 2025 год
[2026-05-30T06:16:47.600Z] VAK JOURNAL: Выпуск № 3, 2025 год
[2026-05-30T06:16:48.383Z] VAK JOURNAL: Выпуск № 2, 2025 год
[2026-05-30T06:16:49.171Z] VAK JOURNAL: Выпуск № 1, 2025 год
[2026-05-30T06:16:49.943Z] VAK JOURNAL: Выпуск №4, 2024 год
[2026-05-30T06:16:50.760Z] VAK JOURNAL: Выпуск №3, 2024 год
[2026-05-30T06:16:51.541Z] VAK JOURNAL: Выпуск №2, 2024 год
[2026-05-30T06:16:52.312Z] VAK JOURNAL: Выпуск №1, 2024 год
[2026-05-30T06:16:53.100Z] VAK JOURNAL: Выпуск № 4, 2023 год
[2026-05-30T06:16:53.888Z] VAK JOURNAL: Выпуск №3, 2023 год
[2026-05-30T06:16:54.678Z] DONE: {"journals":13,"articles":0}
[2026-05-30T06:20:39.736Z] CRAWL START
[2026-05-30T06:20:39.739Z] START VAK
[2026-05-30T06:20:41.551Z] VAK JOURNAL: Edition № 3 (2023)
[2026-05-30T06:20:42.308Z] VAK ARTICLE: Читать
[2026-05-30T06:20:42.310Z] VAK JOURNAL: Edition № 2 (2023)
[2026-05-30T06:20:43.153Z] VAK ARTICLE: Читать
[2026-05-30T06:20:43.158Z] VAK JOURNAL: Edition № 1 (2023)
[2026-05-30T06:20:43.988Z] VAK ARTICLE: Читать
[2026-05-30T06:20:43.992Z] VAK JOURNAL: Выпуск № 4, 2025 год
[2026-05-30T06:20:44.772Z] VAK ARTICLE: Читать
[2026-05-30T06:20:44.775Z] VAK JOURNAL: Выпуск № 3, 2025 год
[2026-05-30T06:20:45.527Z] VAK ARTICLE: Читать
[2026-05-30T06:20:45.529Z] VAK JOURNAL: Выпуск № 2, 2025 год
[2026-05-30T06:20:46.343Z] VAK ARTICLE: Читать
[2026-05-30T06:20:46.346Z] VAK JOURNAL: Выпуск № 1, 2025 год
[2026-05-30T06:20:47.120Z] VAK ARTICLE: Читать
[2026-05-30T06:20:47.122Z] VAK JOURNAL: Выпуск №4, 2024 год
[2026-05-30T06:20:47.887Z] VAK ARTICLE: Читать
[2026-05-30T06:20:47.889Z] VAK JOURNAL: Выпуск №3, 2024 год
[2026-05-30T06:20:48.639Z] VAK ARTICLE: Читать
[2026-05-30T06:20:48.641Z] VAK JOURNAL: Выпуск №2, 2024 год
[2026-05-30T06:20:49.460Z] VAK ARTICLE: Читать
[2026-05-30T06:20:49.463Z] VAK JOURNAL: Выпуск №1, 2024 год
[2026-05-30T06:20:50.210Z] VAK ARTICLE: Читать
[2026-05-30T06:20:50.213Z] VAK JOURNAL: Выпуск № 4, 2023 год
[2026-05-30T06:20:51.026Z] VAK ARTICLE: Читать
[2026-05-30T06:20:51.028Z] VAK JOURNAL: Выпуск №3, 2023 год
[2026-05-30T06:20:51.804Z] VAK ARTICLE: Читать
[2026-05-30T06:20:51.805Z] DONE: {"journals":13,"articles":13}
[2026-05-30T06:25:34.524Z] CRAWL START
[2026-05-30T06:25:34.526Z] START VAK
[2026-05-30T06:25:36.587Z] VAK JOURNAL: Edition № 3 (2023)
[2026-05-30T06:25:36.589Z] VAK articles error: axios is not defined
[2026-05-30T06:25:36.591Z] VAK JOURNAL: Edition № 2 (2023)
[2026-05-30T06:25:36.592Z] VAK articles error: axios is not defined
[2026-05-30T06:25:36.595Z] VAK JOURNAL: Edition № 1 (2023)
[2026-05-30T06:25:36.596Z] VAK articles error: axios is not defined
[2026-05-30T06:25:36.599Z] VAK JOURNAL: Выпуск № 4, 2025 год
[2026-05-30T06:25:36.600Z] VAK articles error: axios is not defined
[2026-05-30T06:25:36.602Z] VAK JOURNAL: Выпуск № 3, 2025 год
[2026-05-30T06:25:36.604Z] VAK articles error: axios is not defined
[2026-05-30T06:25:36.607Z] VAK JOURNAL: Выпуск № 2, 2025 год
[2026-05-30T06:25:36.608Z] VAK articles error: axios is not defined
[2026-05-30T06:25:36.610Z] VAK JOURNAL: Выпуск № 1, 2025 год
[2026-05-30T06:25:36.611Z] VAK articles error: axios is not defined
[2026-05-30T06:25:36.613Z] VAK JOURNAL: Выпуск №4, 2024 год
[2026-05-30T06:25:36.614Z] VAK articles error: axios is not defined
[2026-05-30T06:25:36.616Z] VAK JOURNAL: Выпуск №3, 2024 год
[2026-05-30T06:25:36.617Z] VAK articles error: axios is not defined
[2026-05-30T06:25:36.620Z] VAK JOURNAL: Выпуск №2, 2024 год
[2026-05-30T06:25:36.621Z] VAK articles error: axios is not defined
[2026-05-30T06:25:36.623Z] VAK JOURNAL: Выпуск №1, 2024 год
[2026-05-30T06:25:36.625Z] VAK articles error: axios is not defined
[2026-05-30T06:25:36.626Z] VAK JOURNAL: Выпуск № 4, 2023 год
[2026-05-30T06:25:36.627Z] VAK articles error: axios is not defined
[2026-05-30T06:25:36.629Z] VAK JOURNAL: Выпуск №3, 2023 год
[2026-05-30T06:25:36.630Z] VAK articles error: axios is not defined
[2026-05-30T06:25:36.631Z] DONE: {"journals":13,"articles":0}
[2026-05-30T06:26:41.248Z] CRAWL START
[2026-05-30T06:26:41.251Z] START VAK
[2026-05-30T06:26:43.002Z] VAK JOURNAL: Edition № 3 (2023)
[2026-05-30T06:26:43.835Z] VAK ARTICLE: Edition № 3 (2023)
[2026-05-30T06:26:43.837Z] VAK JOURNAL: Edition № 2 (2023)
[2026-05-30T06:26:44.626Z] VAK ARTICLE: Edition № 2 (2023)
[2026-05-30T06:26:44.629Z] VAK JOURNAL: Edition № 1 (2023)
[2026-05-30T06:26:45.385Z] VAK ARTICLE: Edition № 1 (2023)
[2026-05-30T06:26:45.388Z] VAK JOURNAL: Выпуск № 4, 2025 год
[2026-05-30T06:26:46.114Z] VAK ARTICLE: Выпуск № 4, 2025 год
[2026-05-30T06:26:46.118Z] VAK JOURNAL: Выпуск № 3, 2025 год
[2026-05-30T06:26:46.921Z] VAK ARTICLE: Выпуск № 3, 2025 год
[2026-05-30T06:26:46.923Z] VAK JOURNAL: Выпуск № 2, 2025 год
[2026-05-30T06:26:47.691Z] VAK ARTICLE: Выпуск № 2, 2025 год
[2026-05-30T06:26:47.694Z] VAK JOURNAL: Выпуск № 1, 2025 год
[2026-05-30T06:26:48.466Z] VAK ARTICLE: Выпуск № 1, 2025 год
[2026-05-30T06:26:48.468Z] VAK JOURNAL: Выпуск №4, 2024 год
[2026-05-30T06:26:49.226Z] VAK ARTICLE: Выпуск №4, 2024 год
[2026-05-30T06:26:49.228Z] VAK JOURNAL: Выпуск №3, 2024 год
[2026-05-30T06:26:50.031Z] VAK ARTICLE: Выпуск №3, 2024 год
[2026-05-30T06:26:50.033Z] VAK JOURNAL: Выпуск №2, 2024 год
[2026-05-30T06:26:50.870Z] VAK ARTICLE: Выпуск №2, 2024 год
[2026-05-30T06:26:50.872Z] VAK JOURNAL: Выпуск №1, 2024 год
[2026-05-30T06:26:51.645Z] VAK ARTICLE: Выпуск №1, 2024 год
[2026-05-30T06:26:51.648Z] VAK JOURNAL: Выпуск № 4, 2023 год
[2026-05-30T06:26:52.411Z] VAK ARTICLE: Выпуск № 4, 2023 год
[2026-05-30T06:26:52.413Z] VAK JOURNAL: Выпуск №3, 2023 год
[2026-05-30T06:26:53.133Z] VAK ARTICLE: Выпуск №3, 2023 год
[2026-05-30T06:26:53.135Z] DONE: {"journals":13,"articles":13}
[2026-05-30T06:30:30.561Z] CRAWL START
[2026-05-30T06:30:30.563Z] START VAK
[2026-05-30T06:30:32.520Z] VAK JOURNAL: Edition № 3 (2023)
[2026-05-30T06:30:33.298Z] VAK ARTICLE: Edition № 3 (2023)
[2026-05-30T06:30:33.300Z] VAK JOURNAL: Edition № 2 (2023)
[2026-05-30T06:30:34.113Z] VAK ARTICLE: Edition № 2 (2023)
[2026-05-30T06:30:34.115Z] VAK JOURNAL: Edition № 1 (2023)
[2026-05-30T06:30:34.911Z] VAK ARTICLE: Edition № 1 (2023)
[2026-05-30T06:30:34.914Z] VAK JOURNAL: Выпуск № 4, 2025 год
[2026-05-30T06:30:35.757Z] VAK ARTICLE: Выпуск № 4, 2025 год
[2026-05-30T06:30:35.760Z] VAK JOURNAL: Выпуск № 3, 2025 год
[2026-05-30T06:30:36.555Z] VAK ARTICLE: Выпуск № 3, 2025 год
[2026-05-30T06:30:36.558Z] VAK JOURNAL: Выпуск № 2, 2025 год
[2026-05-30T06:30:37.340Z] VAK ARTICLE: Выпуск № 2, 2025 год
[2026-05-30T06:30:37.343Z] VAK JOURNAL: Выпуск № 1, 2025 год
[2026-05-30T06:30:38.082Z] VAK ARTICLE: Выпуск № 1, 2025 год
[2026-05-30T06:30:38.085Z] VAK JOURNAL: Выпуск №4, 2024 год
[2026-05-30T06:30:38.851Z] VAK ARTICLE: Выпуск №4, 2024 год
[2026-05-30T06:30:38.853Z] VAK JOURNAL: Выпуск №3, 2024 год
[2026-05-30T06:30:39.621Z] VAK ARTICLE: Выпуск №3, 2024 год
[2026-05-30T06:30:39.624Z] VAK JOURNAL: Выпуск №2, 2024 год
[2026-05-30T06:30:40.409Z] VAK ARTICLE: Выпуск №2, 2024 год
[2026-05-30T06:30:40.411Z] VAK JOURNAL: Выпуск №1, 2024 год
[2026-05-30T06:30:41.155Z] VAK ARTICLE: Выпуск №1, 2024 год
[2026-05-30T06:30:41.159Z] VAK JOURNAL: Выпуск № 4, 2023 год
[2026-05-30T06:30:41.932Z] VAK ARTICLE: Выпуск № 4, 2023 год
[2026-05-30T06:30:41.935Z] VAK JOURNAL: Выпуск №3, 2023 год
[2026-05-30T06:30:42.752Z] VAK ARTICLE: Выпуск №3, 2023 год
[2026-05-30T06:30:42.753Z] DONE: {"journals":13,"articles":13}
[2026-05-30T06:31:45.832Z] CRAWL START
[2026-05-30T06:31:45.833Z] START VAK
[2026-05-30T06:31:46.841Z] VAK JOURNAL: Edition № 3 (2023)
[2026-05-30T06:31:47.434Z] VAK ARTICLE: Edition № 3 (2023)
[2026-05-30T06:31:47.437Z] VAK JOURNAL: Edition № 2 (2023)
[2026-05-30T06:31:47.997Z] VAK ARTICLE: Edition № 2 (2023)
[2026-05-30T06:31:47.999Z] VAK JOURNAL: Edition № 1 (2023)
[2026-05-30T06:31:48.633Z] VAK ARTICLE: Edition № 1 (2023)
[2026-05-30T06:31:48.635Z] VAK JOURNAL: Выпуск № 4, 2025 год
[2026-05-30T06:31:49.397Z] VAK ARTICLE: Выпуск № 4, 2025 год
[2026-05-30T06:31:49.399Z] VAK JOURNAL: Выпуск № 3, 2025 год
[2026-05-30T06:31:50.151Z] VAK ARTICLE: Выпуск № 3, 2025 год
[2026-05-30T06:31:50.154Z] VAK JOURNAL: Выпуск № 2, 2025 год
[2026-05-30T06:31:50.931Z] VAK ARTICLE: Выпуск № 2, 2025 год
[2026-05-30T06:31:50.933Z] VAK JOURNAL: Выпуск № 1, 2025 год
[2026-05-30T06:31:51.677Z] VAK ARTICLE: Выпуск № 1, 2025 год
[2026-05-30T06:31:51.679Z] VAK JOURNAL: Выпуск №4, 2024 год
[2026-05-30T06:31:52.499Z] VAK ARTICLE: Выпуск №4, 2024 год
[2026-05-30T06:31:52.501Z] VAK JOURNAL: Выпуск №3, 2024 год
[2026-05-30T06:31:53.242Z] VAK ARTICLE: Выпуск №3, 2024 год
[2026-05-30T06:31:53.244Z] VAK JOURNAL: Выпуск №2, 2024 год
[2026-05-30T06:31:54.038Z] VAK ARTICLE: Выпуск №2, 2024 год
[2026-05-30T06:31:54.041Z] VAK JOURNAL: Выпуск №1, 2024 год
[2026-05-30T06:31:54.798Z] VAK ARTICLE: Выпуск №1, 2024 год
[2026-05-30T06:31:54.801Z] VAK JOURNAL: Выпуск № 4, 2023 год
[2026-05-30T06:31:55.578Z] VAK ARTICLE: Выпуск № 4, 2023 год
[2026-05-30T06:31:55.580Z] VAK JOURNAL: Выпуск №3, 2023 год
[2026-05-30T06:31:56.369Z] VAK ARTICLE: Выпуск №3, 2023 год
[2026-05-30T06:31:56.371Z] START OSHSU
[2026-05-30T06:31:57.038Z] OSHSU JOURNAL: Журналы ОшГУ
[2026-05-30T06:31:57.383Z] OSHSU JOURNAL: Регистрация
[2026-05-30T06:31:58.048Z] OSHSU JOURNAL: Вход
[2026-05-30T06:31:58.349Z] OSHSU JOURNAL: Вестник Ошского государственного университета
[2026-05-30T06:31:59.888Z] OSHSU ARTICLE: ОЦЕНКА УЛЬТРАЗВУКОВОЙ КАРТИНЫ ЖЕЛЧЕ-КАМЕННОЙ БОЛЕЗНИ И ДЕСТРУКТИВНОГО ХОЛЕЦИСТИТА В ПРОСПЕКТИВНОМ ИССЛЕДОВАНИИ В КЫРГЫЗСКОЙ РЕСПУБЛИКЕ
[2026-05-30T06:31:59.891Z] OSHSU ARTICLE: ФИЗИКО-ХИМИЧЕСКАЯ ХАРАКТЕРИСТИКА РОТОВОЙ ЖИДКОСТИ ДЕТЕЙ 15 ЛЕТ, ПРОЖИВАЮЩИХ В РАЗЛИЧНЫХ ЭКОЛОГИЧЕСКИХ НЕБЛАГОПРИЯТНЫХ РЕГИОНАХ ЮГА КЫРГЫЗСТАНА
[2026-05-30T06:31:59.894Z] OSHSU ARTICLE: КЛИНИЧЕСКИЕ ПОДХОДЫ К ЛЕЧЕНИЮ ДЕТЕЙ С НАРУШЕНИЯМИ ПОЛОЖЕНИЯ ЗУБОВ И ФОРМЫ ЗУБНЫХ ДУГ
[2026-05-30T06:31:59.902Z] OSHSU ARTICLE: ПРИМЕНЕНИЕ НАНОЧАСТИЦ СЕРЕБРА В МЕДИЦИНЕ
[2026-05-30T06:31:59.906Z] OSHSU ARTICLE: ПАРАМЕТРЫ ОКИСЛИТЕЛЬНОГО СТРЕССА И ЭНДОГЕННОЙ ИНТОКСИКАЦИИ ПРИ ЭКСПЕРИМЕНТАЛЬНОМ МОДЕЛИРОВАНИИ ДЕСТРУКТИВНОГО ХОЛЕЦИСТИТА
[2026-05-30T06:31:59.908Z] OSHSU ARTICLE: ИССЛЕДОВАНИЕ ИСХОДОВ ОПЕРАТИВНОГО ВМЕШАТЕЛЬСТВА У ПОЖИЛЫХ И СТАРЧЕСКИХ ПАЦИЕНТОВ С ЖЕЛЧНОКАМЕННОЙ БОЛЕЗНЬЮ, ОСЛОЖНЁННОЙ ОСТРЫМ ХОЛЕЦИСТИТОМ И ХОЛЕДОХОЛИТИАЗОМ
[2026-05-30T06:31:59.912Z] OSHSU ARTICLE: КРИКЕТ КАК ИНСТРУМЕНТ МЯГКОЙ СИЛЫ ИНДИИ В МЕЖДУНАРОДНЫХ ОТНОШЕНИЯХ
[2026-05-30T06:31:59.916Z] OSHSU ARTICLE: ДАЛЬНЕЙШАЯ СУДЬБА ЕНИСЕЙСКИХ КЫРГЫЗОВ, ПЕРЕСЕЛЕННЫХ В ДЖУНГАРИЮ В 1703 ГОДУ
[2026-05-30T06:31:59.918Z] OSHSU ARTICLE: ОБЩЕСТВЕННАЯ И РЕЛИГИОЗНАЯ ЖИЗНЬ В СРЕДНЕЙ АЗИИ В КАРАХАНИДСКИЙ ПЕРИОД
[2026-05-30T06:31:59.920Z] OSHSU ARTICLE: КОНЦЕПТУАЛЬНАЯ МОДЕЛЬ ПОДГОТОВКИ СТУДЕНТОВ ТЕХНИЧЕСКИХ СПЕЦИАЛЬНОСТЕЙ К ПРИМЕНЕНИЮ ТЕХНОЛОГИЙ МАШИННОГО ОБУЧЕНИЯ
[2026-05-30T06:31:59.923Z] OSHSU ARTICLE: СОЦИАЛЬНАЯ СРЕДА КАК ФАКТОР ФОРМИРОВАНИЯ ГРАЖДАНСКОЙ ОТВЕТСТВЕННОСТИ МЛАДШИХ ШКОЛЬНИКОВ В УСЛОВИЯХ ПЕРЕХОДА НА ДВЕНАДЦАТИЛЕТНЕЕ ОБРАЗОВАНИЕ
[2026-05-30T06:31:59.925Z] OSHSU ARTICLE: АНАЛИЗ ЦЕННОСТНОГО СОДЕРЖАНИЯ ТЕКСТОВ В УЧЕБНИКАХ КЫРГЫЗСКОГО И АНГЛИЙСКОГО ЯЗЫКА 5-КЛАССОВ
[2026-05-30T06:31:59.927Z] OSHSU ARTICLE: НАУЧНО-ПЕДАГОГИЧЕСКИЕ ОСНОВЫ МОНИТОРИНГА КАЧЕСТВА ПЕДАГОГИЧЕСКОГО ОБРАЗОВАНИЯ В ВЫСШИХ УЧЕБНЫХ ЗАВЕДЕНИЯХ: НА ПРИМЕРЕ ОШСКОГО ГОСУДАРСТВЕННОГО УНИВЕРСИТЕТА
[2026-05-30T06:31:59.929Z] OSHSU ARTICLE: ИСПОЛЬЗОВАНИЕ СОЦИАЛЬНО-ЭМОЦИОНАЛЬНОГО ОБУЧЕНИЯ КАК КОМПОНЕНТА ПРЕПОДАВАНИЯ АНГЛИЙСКОГО ЯЗЫКА В СЕЛЬСКИХ ШКОЛАХ КЫРГЫЗСТАНА
[2026-05-30T06:31:59.932Z] OSHSU ARTICLE: АСИМПТОТИКА РЕШЕНИЯ ДВУХТОЧЕЧНОЙ КРАЕВОЙ ЗАДАЧИ С ВНУТРЕННИМ СЛОЕМ
[2026-05-30T06:31:59.934Z] OSHSU ARTICLE: РАЗРАБОТКА МОДЕЛЕЙ ГЛУБОКОГО ОБУЧЕНИЯ ДЛЯ ПРОГНОЗИРОВАНИЯ БОЛЕЗНЕЙ РАСТЕНИЙ  В СЕЛЬСКОМ ХОЗЯЙСТВЕ НА ОСНОВЕ НА ОСНОВЕ ВЕЙВЛЕТ ПРЕОБРАЗОВАНИЙ
[2026-05-30T06:31:59.936Z] OSHSU ARTICLE: МЕТОД КРИПТОГРАФИЧЕСКОЙ ВЕРИФИКАЦИИ ПОДЛИННОСТИ ЭЛЕКТРОННЫХ ДОКУМЕНТОВ ЗА ПРЕДЕЛАМИ СИСТЕМЫ ДОКУМЕНТООБОРОТА С ИСПОЛЬЗОВАНИЕМ ДИНАМИЧЕСКИХ QR-КОДОВ
[2026-05-30T06:31:59.939Z] OSHSU ARTICLE: БИОТЕСТИРОВАНИЕ И ТОКСИКОЛОГИЧЕСКИЕ ИСПЫТАНИЯ СИНТЕЗИРОВАННЫХ ГУМИНОВЫХ ПРЕПАРАТОВ
[2026-05-30T06:31:59.941Z] OSHSU ARTICLE: УГЛЕВОДНЫЙ СОСТАВ ПОЛИСАХАРИДНОГО КОМПЛЕКСА ВЫДЕЛЕННОГО ИЗ ACANTHOPHYLLUM SUBGLABRUM
[2026-05-30T06:31:59.942Z] OSHSU ARTICLE: НЕФОРМАЛЬНЫЕ ИНСТИТУТЫ И СОЦИАЛЬНЫЙ КАПИТАЛ В ПЕРИФЕРИЙНЫХ ЭКОНОМИКАХ: ПРИМЕР РЕГИОНАЛЬНОГО ПРЕДПРИНИМАТЕЛЬСТВА В КЫРГЫЗСТАНЕ
[2026-05-30T06:31:59.945Z] OSHSU ARTICLE: ЦИФРОВОЕ ПРИСУТСТВИЕ ЭПОСА “МАНАС” В РУССКОЯЗЫЧНОМ КОРПУСЕ GOOGLE BOOKS NGRAM VIEWER
[2026-05-30T06:31:59.947Z] OSHSU ARTICLE: ВЗГЛЯДЫ МУХТАРА БОРБУГУЛОВА НА ПРОИСХОЖДЕНИЕ ЭПОСА «МАНАС»
[2026-05-30T06:31:59.949Z] OSHSU ARTICLE: МОЛОДЁЖНЫЙ СЛЕНГ В ЭПОХУ ГЛОБАЛИЗАЦИИ: СРАВНИТЕЛЬНЫЙ АНАЛИЗ ЗАИМСТВОВАНИЙ В РУССКОМ И КЫРГЫЗСКОМ ЯЗЫКАХ
[2026-05-30T06:31:59.951Z] OSHSU ARTICLE: ТЕОРИЯ И ПРАКТИКА ИЗУЧЕНИЯ  КАТЕГОРИИ ПАДЕЖА В КЫРГЫЗСКОМ ЯЗЫКЕ
[2026-05-30T06:31:59.953Z] OSHSU ARTICLE: ИССЛЕДОВАНИЕ ВЫРАЖЕНИЙ КАТЕГОРИИ ПРЕДЛОЖНОГО ПАДЕЖА В КЫРГЫЗСКОМ ЯЗЫКЕ И ИХ СООТВЕТСТВИЙ В КИТАЙСКОМ ЯЗЫКЕ С МЕЖЪЯЗЫКОВОЙ ТОЧКИ ЗРЕНИЯ
[2026-05-30T06:31:59.955Z] OSHSU ARTICLE: ОСОБЕННОСТИ ПАМЯТИ ТӨКМӨ АКЫНОВ
[2026-05-30T06:31:59.957Z] OSHSU ARTICLE: СОВРЕМЕННАЯ КЫРГЫЗСКАЯ СЕМЬЯ И ПРОБЛЕМА РЕЛИГИОЗНОЙ ИДЕНТИЧНОСТИ ВЫЗЫВАЮЩАЯ СПОРЫ
[2026-05-30T06:31:59.959Z] OSHSU JOURNAL: Вестник Ошского государственного университета. Сельское хозяйство: агрономия, ветеринария и зоотехния
[2026-05-30T06:32:01.118Z] OSHSU ARTICLE: ЭФФЕКТИВНОСТЬ ЛЕЧЕНИЯ ДИКТИОКАУЛЁЗА ОВЕЦ
[2026-05-30T06:32:01.120Z] OSHSU ARTICLE: ЭКОНОМИКА АГРАРНОГО СЕКТОРА ТАЛАССКОЙ ОБЛАСТИ КЫРГЫЗСКОЙ РЕСПУБЛИКИ ПОД ВЛИЯНИЕМ КЛИМАТИЧЕСКИХ ФАКТОРОВ
[2026-05-30T06:32:01.124Z] OSHSU JOURNAL: Научный журнал теологического факультета
[2026-05-30T06:32:02.133Z] OSHSU ARTICLE: Methods of calling to faith through the “Quran”
[2026-05-30T06:32:02.135Z] OSHSU ARTICLE: Criticism of wahhabism and relations with salafis
[2026-05-30T06:32:02.138Z] OSHSU ARTICLE: The relationships of Jews with Central Asia
[2026-05-30T06:32:02.140Z] OSHSU ARTICLE: Jerusalem (al-quds) and its place in the three monotheistic religions
[2026-05-30T06:32:02.141Z] OSHSU ARTICLE: Method of understanding the “Quran”
[2026-05-30T06:32:02.144Z] OSHSU ARTICLE: Tafsir Activities of Turks in the Ottoman Context and the Reasons for the Predominant Use of Arabic in Ottoman Exegesis Works
[2026-05-30T06:32:02.147Z] OSHSU ARTICLE: Müslüman Dünyada Çağdaş Düşünce
[2026-05-30T06:32:02.151Z] OSHSU JOURNAL: Вопросы востоковедения
[2026-05-30T06:32:03.971Z] OSHSU ARTICLE: ОБЩИЕ ДИДАКТИЧЕСКИЕ, МЕТОДИЧЕСКИЕ И СПЕЦИАЛЬНЫЕ МЕТОДОЛОГИЧЕСКИЕ ПРИНЦИПЫ ПРЕПОДАВАНИЯ КИТАЙСКОЙ ФОНЕТИКИ
[2026-05-30T06:32:03.974Z] OSHSU ARTICLE: РАДИКАЛЬНОЕ ДВИЖЕНИЕ ТАЛИБАН В АФГАНИСТАНЕ
[2026-05-30T06:32:03.979Z] OSHSU ARTICLE: ИРАНО-ИРАКСКИЕ КОНФЛИКТЫ: ИСТОРИЯ И СОВРЕМЕННОЕ СОСТОЯНИЕ
[2026-05-30T06:32:03.984Z] OSHSU ARTICLE: «ИСЛАМСКАЯ РЕВОЛЮЦИЯ» В ИРАНЕ КАК ФАКТОР МЕЖДУНАРОДНЫХ ОТНОШЕНИЙ В ПОСЛЕДНЕЙ ЧЕТВЕРТИ XX ВЕКА
[2026-05-30T06:32:03.987Z] OSHSU ARTICLE: КОНФЛИКТЫ НА КОРЕЙСКОМ ПОЛУОСТРОВЕ: ИСТОРИЯ И СОВРЕМЕННОЕ СОСТОЯНИЕ
[2026-05-30T06:32:03.989Z] OSHSU ARTICLE: ПРОБЛЕМЫ И ПЕРСПЕКТИВЫ РАЗВИТИЯ БИЗНЕСА С ВОСТОЧНЫМИ СТРАНАМИ
[2026-05-30T06:32:03.992Z] OSHSU ARTICLE: ТРАДИЦИОННЫЕ ВИДЫ КОВРОВ И КОВРОВЫХ ИЗДЕЛИЙ (НА ПРИМЕРЕ КОВРА “АРАБИ”)
[2026-05-30T06:32:03.995Z] OSHSU ARTICLE: ПОЛОЖЕНИЕ ЖЕНЩИН ВО ВРЕМЯ И ПОСЛЕ ВЕЛИКОЙ ОТЕЧЕСТВЕННОЙ ВОЙНЫ
[2026-05-30T06:32:03.998Z] OSHSU ARTICLE: ОТ ИДЕИ СОЗДАНИЯ КЫРГЫЗСКОЙ ГОРНОЙ ОБЛАСТИ ДО ОБРАЗОВАНИЕ КАРА КЫРГЫЗСКОЙ АВТОНОМНОЙ ОБЛАСТИ: ИСТОЧНИКОВЕДЧЕСКИЕ ВОПРОСЫ
[2026-05-30T06:32:04.002Z] OSHSU ARTICLE: КОНЦЕПТУАЛЬНЫЕ ПРОБЛЕМЫ ВЕЛИКОЙ ОТЕЧЕСТВЕННОЙ ВОЙНЫ, ТРЕБУЮЩИЕ ДЕТАЛЬНОГО ИЗУЧЕНИЯ И УТОЧНЕНИЯ
[2026-05-30T06:32:04.005Z] OSHSU ARTICLE: ЖЕНСКАЯ МОДА В СССР ВО ВРЕМЯ ВЕЛИКОЙ ОТЕЧЕСТВЕННОЙ ВОЙНЫ: БАЛАНС МЕЖДУ ПРАКТИЧНОСТЬЮ И ЖЕНСТВЕННОСТЬЮ
[2026-05-30T06:32:04.007Z] OSHSU ARTICLE: ГЕРОИЗМ ИСМАИЛБЕКА ТАРАНЧИЕВА: ПОДВИГ КЫРГЫЗСКОГО ЛЁТЧИКА В ВЕЛИКОЙ ОТЕЧЕСТВЕННОЙ ВОЙНЕ
[2026-05-30T06:32:04.011Z] OSHSU ARTICLE: ПОНЯТИЕ СУННЫ В ДЖАХИЛИИ И ИСЛАМЕ
[2026-05-30T06:32:04.013Z] OSHSU ARTICLE: КИТАЙСКО-ТАЙВАНЬСКИЕ КОНФЛИКТЫ: ИСТОРИЯ И СОВРЕМЕННОЕ СОСТОЯНИЕ
[2026-05-30T06:32:04.016Z] OSHSU ARTICLE: ГЕОПОЛИТИЧЕСКИЕ И ЭКОНОМИЧЕСКИЕ ОТНОШЕНИЯ МЕЖДУ КЫРГЫЗСКОЙ РЕСПУБЛИКОЙ И РОССИЙСКОЙ ФЕДЕРАЦИЕЙ (1991-2024 ГГ.)
[2026-05-30T06:32:04.020Z] OSHSU ARTICLE: РОЛЬ ТУРЦИИ В ЦЕНТРАЛЬНОЙ АЗИИ: ПРИОРИТЕТ КЫРГЫЗСТАНА ВО ВНЕШНЕЙ ПОЛИТИКЕ ТУРЦИИ
[2026-05-30T06:32:04.024Z] OSHSU ARTICLE: ДИПЛОМАТИЧЕСКИЕ АСПЕКТЫ АРАБО-ИЗРАИЛЬСКОГО КОНФЛИКТА
[2026-05-30T06:32:04.028Z] OSHSU ARTICLE: ОСВЕНЦИМ В ПРОИЗВЕДЕНИЯХ ЕВРОПЕЙСКИХ И АМЕРИКАНСКИХ ПИСАТЕЛЕЙ
[2026-05-30T06:32:04.032Z] OSHSU ARTICLE: СОВРЕМЕННОЕ РАЗВИТИЕ АРАБСКОГО ОБЩЕСТВА
[2026-05-30T06:32:04.035Z] OSHSU ARTICLE: ИСТОРИЯ ВОЗНИКНОВЕНИЯ ДИАЛЕКТОВ И ПУТЬ РАЗВИТИЯ ЕДИНОГО НАЦИОНАЛЬНОГО ЯЗЫКА КНР – ПУТУНХУА
[2026-05-30T06:32:04.038Z] OSHSU ARTICLE: ЦЕНТРАЛЬНАЯ АЗИЯ В ЕВРОПЕ: ФОРМИРОВАНИЕ, ДЕЯТЕЛЬНОСТЬ И СУДЬБА ТУРКЕСТАНСКОГО ЛЕГИОНА ВО ВТОРОЙ МИРОВОЙ ВОЙНЕ
[2026-05-30T06:32:04.041Z] OSHSU ARTICLE: ПОСЛОВИЦЫ, ПОГОВОРКИ И ПОВЕРЬЯ КЫРГЫЗОВ, СВЯЗАННЫЕ С КНУТОМ (КАМЧОЙ)
[2026-05-30T06:32:04.044Z] OSHSU ARTICLE: ЛИНГВИСТИЧЕСКОЕ ПРОСТРАНСТВО КИТАЯ КАК ВАЖНАЯ СОСТАВЛЯЮЩАЯ ЕДИНСТВА СТРАНЫ
[2026-05-30T06:32:04.048Z] OSHSU ARTICLE: ВОЕННО-ПОЛИТИЧЕСКОЕ СОТРУДНИЧЕСТВО В РАМКАХ ТАШКЕНТСКОГО СОГЛАШЕНИЯ В МЕЖДУНАРОДНО-ПОЛИТИЧЕСКОМ РАЗВИТИИ СТРАН ЦЕНТРАЛЬНОЙ АЗИИ
[2026-05-30T06:32:04.051Z] OSHSU ARTICLE: МУЗЫКАЛЬНОСТЬ КАК ТВОРЧЕСКИЙ СТИЛЬ ЧИНГИЗА АЙТМАТОВА
[2026-05-30T06:32:04.053Z] OSHSU ARTICLE: КОНКУРЕНЦИЯ МЕЖДУ КИТАЙСКИМИ И АНГЛИЙСКИМИ ЯЗЫКАМИ НА ДАЛЬНЕМ ВОСТОКЕ
[2026-05-30T06:32:04.055Z] OSHSU ARTICLE: СТРАНЫ ВОСТОКА, ГДЕ СВОБОДНО ГОВОРЯТ ПО-АНГЛИЙСКИ: РАСПРОСТРАНЕНИЕ, ПРИЧИНЫ И ПОСЛЕДСТВИЯ
[2026-05-30T06:32:04.058Z] OSHSU ARTICLE: ВЛИЯНИЕ РОДНОГО ЯЗЫКА НА ИЗУЧЕНИЕ ИНОСТРАННЫХ ЯЗЫКОВ
[2026-05-30T06:32:04.060Z] OSHSU ARTICLE: РОЛЬ КОРЕЙСКОГО ЯЗЫКА В СОЦИАЛЬНОЙ ИНТЕГРАЦИИ И МЕТОДЫ ИЗУЧЕНИЯ КОРЕЙСКОГО ЯЗЫКА
[2026-05-30T06:32:04.063Z] OSHSU ARTICLE: ЛИНГВОКУЛЬТУРОЛОГИЧЕСКИЙ АНАЛИЗ ПАРЕМИЙ ВОЕННО-ИСТОРИЧЕСКОГО СОДЕРЖАНИЯ В КЫРГЫЗСКОЙ И ВОСТОЧНОЙ ФОЛЬКЛОРНОЙ ТРАДИЦИИ
[2026-05-30T06:32:04.066Z] OSHSU ARTICLE: КЫРГЫЗСКО-КИТАЙСКОЕ СОТРУДНИЧЕСТВО В СФЕРЕ «ЗЕЛЕНЫХ» ИННОВАЦИЙ КАК ФАКТОР УСТОЙЧИВОГО РАЗВИТИЯ
[2026-05-30T06:32:04.069Z] OSHSU ARTICLE: АКТУАЛЬНОСТЬ ФИЛОЛОГИЧЕСКИХ И ЛИНГВИСТИЧЕСКИХ НАУК
[2026-05-30T06:32:04.071Z] OSHSU ARTICLE: ГЕОПОЛИТИЧЕСКАЯ СИТУАЦИЯ В СТРАНАХ ВОСТОКА И ЗАПАДА
[2026-05-30T06:32:04.074Z] OSHSU ARTICLE: ЕВРОПЕЙСКАЯ ШКОЛА ОРИЕНТАЛИСТОВ
[2026-05-30T06:32:04.077Z] OSHSU ARTICLE: АРАБИЗМЫ В КЫРГЫЗСКОМ ЯЗЫКЕ: ИСТОРИЯ, ИСПОЛЬЗОВАНИЕ И МЕСТО
[2026-05-30T06:32:04.079Z] OSHSU ARTICLE: МУСУЛЬМАНСКИЕ ТРАДИЦИИ И ПРАЗДНИКИ В КЫРГЫЗСКОМ НАРОДЕ
[2026-05-30T06:32:04.082Z] OSHSU ARTICLE: КЫРГЫЗСКО-ИРАНСКИЕ ДИПЛОМАТИЧЕСКИЕ ОТНОШЕНИЯ: ЭТАПЫ СТАНОВЛЕНИЯ И ПЕРСПЕКТИВЫ РАЗВИТИЯ
[2026-05-30T06:32:04.085Z] OSHSU ARTICLE: РЕГИОНАЛЬНЫЕ ОТРАСЛИ ВОСТОКОВЕДЕНИЯ: СТРУКТУРА И СПЕЦИФИКА НАУЧНОГО ИЗУЧЕНИЯ ВОСТОКА
[2026-05-30T06:32:04.088Z] OSHSU ARTICLE: ИСТОРИЯ ЭТНИЧЕСКИХ ОТНОШЕНИЙ И МИГРАЦИОННОГО ПРОЦЕССА В КЫРГЫЗСТАНЕ В НАЧАЛЬНЫЙ ПЕРИОД СОВЕТСКОЙ ВЛАСТИ (1920-40-Е ГГ.)
[2026-05-30T06:32:04.090Z] OSHSU ARTICLE: ИСТОРИЯ И СОВРЕМЕННОЕ СОСТОЯНИЕ ЯПОНО-КИТАЙСКИХ КОНФЛИКТОВ
[2026-05-30T06:32:04.092Z] OSHSU JOURNAL: Вестник Ошского государственного университета. История
[2026-05-30T06:32:04.727Z] OSHSU ARTICLE: ОТНОШЕНИЯ АДЖИ-БИЯ В СЕРЕДИНЕ XVIII ВЕКА С КОКАНДСКИМ ХАНСТВОМ И ДИНАСТИЕЙ ЦИН – НА ПРИМЕРЕ ЗАХВАТА ОША ИРДАНА-БЕКОМ
[2026-05-30T06:32:04.729Z] OSHSU ARTICLE: ИСТОРИЯ СТРОИТЕЛЬСТВА АВТОМОБИЛЬНЫХ ДОРОГ В КЫРГЫЗСТАНЕ В ПОСЛЕВОЕННЫЙ ПЕРИОД (1945-1960 ГГ.)
[2026-05-30T06:32:04.732Z] OSHSU ARTICLE: СТРАНЫ ЦЕНТРАЛЬНОЙ АЗИИ В ГОДЫ НЕЗАВИСИМОСТИ: РОЛЬ И ЗНАЧЕНИЕ НОВОГО УЗБЕКИСТАНА
[2026-05-30T06:32:04.734Z] OSHSU ARTICLE: ИЗ ИСТОРИИ ИЗУЧЕНИЯ УЧТЕПИНСКОГО АРХЕОЛОГИЧЕСКОГО ПАМЯТНИКА
[2026-05-30T06:32:04.736Z] OSHSU ARTICLE: КЫРГЫЗСКО-УЗБЕКСКИЕ ОТНОШЕНИЯ В КОНТЕКСТЕ АНКЛАВА СОХ: НОВЫЕ ВЫЗОВЫ И ПЕРСПЕКТИВЫ
[2026-05-30T06:32:04.739Z] OSHSU ARTICLE: АРХЕОЛОГИЧЕСКИЕ ПАМЯТНИКИ ЭПОХИ ВЕЛИКОГО ПЕРЕСЕЛЕНИЯ НАРОДОВ В ЮГО-ЗАПАДНОМ РЕГИОНЕ ФЕРГАНСКОЙ ДОЛИНЫ
[2026-05-30T06:32:04.741Z] OSHSU ARTICLE: ИСТОРИЯ СОЗДАНИЯ И РАЗВИТИЯ МОЛОДЕЖНОЙ ПОЛИТИКИ В ГОДЫ НЕЗАВИСИМОСТИ В КЫРГЫЗСКОЙ РЕСПУБЛИКЕ
[2026-05-30T06:32:04.744Z] OSHSU ARTICLE: ЛЕГЕНДАРНЫЙ АЙТМЕРЕК КУРБАШЫ ИЗ АЛАЙКУУ
[2026-05-30T06:32:04.747Z] OSHSU ARTICLE: ИСТОРИЯ РАЗВИТИЯ И ИНФОРМАЦИОННАЯ ПОЛИТИКИ ТЕЛЕВИЗИОННЫХ КАНАЛОВ В ГОРОДЕ ОШ (НА ПРИМЕРЕ «ПЯТОГО КАНАЛА»
[2026-05-30T06:32:04.751Z] OSHSU JOURNAL: Вестник Ошского государственного университета. Математика. Физика. Техника
[2026-05-30T06:32:05.642Z] OSHSU ARTICLE: Proving the correctness of the Collatz hypothesis
[2026-05-30T06:32:05.645Z] OSHSU ARTICLE: Задача сопряжения для уравнения составного и гиперболического типов четвертого порядка с двумя линиями изменения типа
[2026-05-30T06:32:05.647Z] OSHSU ARTICLE: Краевые задачи для уравнения смешанного типа 3-го порядка с переменными коэффициентами
[2026-05-30T06:32:05.650Z] OSHSU ARTICLE: Влияние малого возмущения на явление затягивания потери устойчи-вости
[2026-05-30T06:32:05.652Z] OSHSU ARTICLE: Нелинейная модель со свободной границей с переменными коэффициентами диффузии и адвекции для динамики популяции и загрязнителей в реках
[2026-05-30T06:32:05.654Z] OSHSU ARTICLE: Анализ и исследование солнечного отопления при проектировании жилых зданий
[2026-05-30T06:32:05.656Z] OSHSU ARTICLE: Разработка методики расчета тепловых потерь в элементах двухконтурных солнечных водонагревательных коллекторов
[2026-05-30T06:32:05.659Z] OSHSU JOURNAL: Вестник Ошского государственного университета. Химия. Биология. География
[2026-05-30T06:32:06.844Z] OSHSU ARTICLE: ИННОВАЦИОННЫЕ ПИТОМНИКИ В НОВЫХ УСЛОВИЯХ ВЫРАЩИВАНИЯ ПОСАДОЧНЫХ МАТЕРИАЛОВ
[2026-05-30T06:32:06.847Z] OSHSU ARTICLE: МЫШЕВИДНЫЕ ГРЫЗУНЫ ВЫСОКОГОРНОГО ВЫСОТНОГО ПОЯСА ЮЖНОГО КЫРГЫЗСТАНА
[2026-05-30T06:32:06.849Z] OSHSU ARTICLE: НАУЧНО-ИССЛЕДОВАТЕЛЬСКАЯ ДЕЯТЕЛЬНОСТЬ АКАДЕМИКА БЕКТЕМИРА МУРЗУБРАИМОВА: УСПЕШНЫЕ ИССЛЕДОВАНИЯ, ВОПЛОЩЕННЫЕ ИДЕИ, ВАЖНЫЕ УСПЕХИ
[2026-05-30T06:32:06.852Z] OSHSU ARTICLE: СЕРНОКИСЛОТНАЯ ПЕРЕРАБОТКА КАОЛИНА АНГРЕНСКОГО МЕСТОРОЖДЕНИЯ
[2026-05-30T06:32:06.854Z] OSHSU ARTICLE: КООРДИНИРОВАНИЕ СОЛЕЙ БИОМЕТАЛЛОВ С АЗОТО-, КИСЛОРОДО- И СЕРОСОДЕРЖАЩИМИ ОРГАНИЧЕСКИМИ ЛИГАНДАМИ
[2026-05-30T06:32:06.860Z] OSHSU ARTICLE: К ВОПРОСУ ГОСУДАРСТВЕННОЙ ПОДДЕРЖКИ  НАРОДНОГО РЕМЕСЛА
[2026-05-30T06:32:06.863Z] OSHSU ARTICLE: ОБЗОР НАУЧНОЙ ЛИТЕРАТУРЫ ПО НАРОДНЫМ РЕМЕСЛАМ: ОТРАСЛЕВЫЕ ВЗГЛЯДЫ
[2026-05-30T06:32:06.865Z] OSHSU ARTICLE: ПРИНЦИПЫ РАЦИОНАЛЬНОГО ПРИРОДОПОЛЬЗОВАНИЯ В МОСКОВСКОЙ ТЕРРИТОРИАЛЬНОЙ СХЕМЕ ОБРАЩЕНИЯ С ОТХОДАМИ
[2026-05-30T06:32:06.867Z] OSHSU ARTICLE: ВАЖНОСТЬ ОРГАНИЗАЦИИ ЭКСКУРСИОННЫХ ПОХОДОВ В ПОЗНАНИИ СВОЕГО КРАЯ
[2026-05-30T06:32:06.870Z] OSHSU ARTICLE: К ВОПРОСУ РАЗВИТИЯ ЛЕГКОЙ ПРОМЫШЛЕННОСТИ  В КЫРГЫЗСТАНЕ
[2026-05-30T06:32:06.872Z] OSHSU ARTICLE: ОБЗОР ЗАРУБЕЖНОЙ НАУЧНОЙ ЛИТЕРАТУРЫ  ПО ЛЕГКОЙ ПРОМЫШЛЕННОСТИ
[2026-05-30T06:32:06.875Z] OSHSU JOURNAL: Вестник Ошского государственного университета. Педагогика. Психология
[2026-05-30T06:32:07.650Z] OSHSU ARTICLE: МЕЖДУНАРОДНАЯ НАУЧНО-ПРАКТИЧЕСКАЯ КОНФЕРЕНЦИЯ «СОВРЕМЕННЫЕ ПОДХОДЫ И ТЕХНОЛОГИИ В МАТЕМАТИЧЕСКОМ ОБРАЗОВАНИИ» (12-13 СЕНТЯБРЯ 2025 г.)
[2026-05-30T06:32:07.653Z] OSHSU ARTICLE: МЕТОДИКА ИСПОЛЬЗОВАНИЯ ЖИЗНЕННЫХ ЗАДАЧ В СООТВЕТСТВИИ С ЦЕЛЯМИ УСТОЙЧИВОГО РАЗВИТИЯ В КУРСЕ МАТЕМАТИЧЕСКОГО АНАЛИЗА
[2026-05-30T06:32:07.655Z] OSHSU ARTICLE: ИСПОЛЬЗОВАНИЕ WOLFRAM В КАЧЕСТВЕ ЦИФРОВОГО ПОМОЩНИКА НА УРОКАХ МАТЕМАТИКИ: ПРЕИМУЩЕСТВА И ОГРАНИЧЕНИЯ
[2026-05-30T06:32:07.657Z] OSHSU ARTICLE: МЕТОДИКА АССЕССМЕНТ-ЦЕНТРА КАК ИНСТРУМЕНТ ОТБОРА ШКОЛЬНИКОВ ДЛЯ ИССЛЕДОВАТЕЛЬСКОЙ РАБОТЫ
[2026-05-30T06:32:07.659Z] OSHSU ARTICLE: ПРИМЕНЕНИЕ ДИФФЕРЕНЦИАЛЬНЫХ УРАВНЕНИЙ ПРИ ИЗУЧЕНИИ АЭРОГИДРОМЕХАНИКИ
[2026-05-30T06:32:07.662Z] OSHSU ARTICLE: ИЗУЧЕНИЕ ПОВЕРХНОСТЕЙ ВТОРОГО ПОРЯДКА С ИСПОЛЬЗОВАНИЕМ ИНФОРМАЦИОННЫХ ТЕХНОЛОГИЙ
[2026-05-30T06:32:07.664Z] OSHSU ARTICLE: РЕЗУЛЬТАТЫ ЭКСПЕРИМЕНТАЛЬНЫХ РАБОТ ПО ФОРМИРОВАНИЮ  РЕЗУЛЬТАТОВ ОБРАЗОВАНИЯ
[2026-05-30T06:32:07.666Z] OSHSU ARTICLE: ИНТЕГРАЦИЯ КЫРГЫЗСТАНА В МИРОВОЕ ОБРАЗОВАТЕЛЬНОЕ ПРОСТРАНСТВО  В РАМКАХ 12-ЛЕТНЕЙ СИСТЕМЫ ОБРАЗОВАНИЯ
[2026-05-30T06:32:07.668Z] OSHSU ARTICLE: ПЕДАГОГИЧЕСКИЕ ПОДХОДЫ К ПОДГОТОВКЕ УЧИТЕЛЕЙ В КОНТЕКСТЕ ЦИФРОВОЙ ТРАНСФОРМАЦИИ И ИСКУССТВЕННОГО ИНТЕЛЛЕКТА
[2026-05-30T06:32:07.670Z] OSHSU ARTICLE: ПРОСВЕЩЕНИЕ И ОБРАЗОВАНИЕ В ПСИХОЛОГИИ: ИНСТРУМЕНТЫ ПОВЫШЕНИЯ МЕНТАЛЬНОЙ ГРАМОТНОСТИ
[2026-05-30T06:32:07.673Z] OSHSU ARTICLE: СОВРЕМЕННЫЕ  ПОДХОДЫ  К  ВОСПИТАНИЮ  ПОДРОСТКОВ
[2026-05-30T06:32:07.675Z] OSHSU ARTICLE: ИСТОРИЯ СТАНОВЛЕНИЯ ПЕДАГОГИЧЕСКОГО МЕНЕДЖМЕНТА ЧЕРЕЗ УЧЕНИЯ СОВЕТСКИХ ПРОСВЕТИТЕЛЕЙ
[2026-05-30T06:32:07.678Z] OSHSU JOURNAL: Вестник Ошского государственного университета. Право
[2026-05-30T06:32:09.516Z] OSHSU ARTICLE: НРАВСТВЕННОЕ  ВОСПИТАНИЕ ОСУЖДЕННЫХ В ИСПРАВИТЕЛЬНЫХ УЧРЕЖДЕНИЯХ  КЫРГЫЗСКОЙ РЕСПУБЛИКИ- КАК МЕТОД ИСПРАВЛЕНИЯ И РЕСОЦИАЛИЗАЦИИ ОСУЖДЕННЫХ
[2026-05-30T06:32:09.518Z] OSHSU ARTICLE: ПРОФИЛАКТИКА ПОДРОСТКОВОЙ НАРКОМАНИИ  В ОБРАЗОВАТЕЛЬНОЙ СРЕДЕ:  ПРАВОВОЙ И ПЕДАГОГИЧЕСКИЙ ПОДХОД
[2026-05-30T06:32:09.520Z] OSHSU ARTICLE: ИСКУССТВЕННЫЙ ИНТЕЛЛЕКТ В СФЕРЕ НОТАРИАТА
[2026-05-30T06:32:09.523Z] OSHSU ARTICLE: ИДЕИ ЖАНА МОБИЛЬОНА И ДЖОН ГОВАРДА В СОЗДАНИЕ ПЕРВЫХ ПЕНИТЕНЦИАРНЫХ УЧРЕЖДЕНИЯХ ИСПОЛНЕНИЯ УГОЛОВНЫХ НАКАЗАНИЙ
[2026-05-30T06:32:09.525Z] OSHSU ARTICLE: АДМИНИСТРАТИВНОЕ НАКАЗАНИЕ КАК МЕРА ГОСУДАРСТВЕННОГО ПРИНУДИТЕЛЬНОГО ДЕЙСТВИЯ
[2026-05-30T06:32:09.527Z] OSHSU ARTICLE: МЕТОДОЛОГИЧЕСКИЕ ОСНОВЫ АНАЛИЗА ПРОБЛЕМЫ ЖЕСТОКОГО ОБРАЩЕНИЯ С ДЕТЬМИ В СОВРЕМЕННОЙ СЕМЬЕ
[2026-05-30T06:32:09.530Z] OSHSU ARTICLE: ОСОБЕННОСТИ ЗАКЛЮЧЕНИЯ ДОГОВОРА ЭНЕРГОСНАБЖЕНИЯ
[2026-05-30T06:32:09.532Z] OSHSU ARTICLE: ПЕРСПЕКТИВЫ И НАПРАВЛЕНИЯ РАЗВИТИЯ РЫНКА СТРАХОВАНИЯ ИМУЩЕСТВА В КР
[2026-05-30T06:32:09.534Z] OSHSU ARTICLE: ОСОБЕННОСТИ ПРАВОВОГО ПОЛОЖЕНИЯ ИНОСТРАННЫХ ГРАЖДАН
[2026-05-30T06:32:09.537Z] OSHSU ARTICLE: ПАТРИОТИЧЕСКОЕ ВОСПИТАНИЕ В ИСПРАВИТЕЛЬНЫХ УЧРЕЖДЕНИЯХ КЫРГЫЗСКОЙ РЕСПУБЛИКИ-КАК МЕТОД ИСПРАВЛЕНИЯ И РЕСОЦИАЛИЗАЦИИ ОСУЖДЕННЫХ, ОТБЫВАЮЩИХ НАКАЗАНИЯ
[2026-05-30T06:32:09.539Z] OSHSU ARTICLE: ПОНЯТИЕ УГОЛОВНО-ПРОЦЕССУАЛЬНОЙ ЮРИСДИКЦИИ
[2026-05-30T06:32:09.541Z] OSHSU ARTICLE: ВЛИЯНИЕ ЦИФРОВЫХ ТЕХНОЛОГИЙ НА СОВЕРШЕНИЕ НАСИЛЬСТВЕННЫХ ПРЕСТУПЛЕНИЙ В ОТНОШЕНИИ НЕСОВЕРШЕННОЛЕТНИХ
[2026-05-30T06:32:09.544Z] OSHSU ARTICLE: СОДЕРЖАТЕЛЬНЫЕ СТОРОНЫ ГОСУДАРСТВЕННОГО ПРИНУЖДЕНИЯ
[2026-05-30T06:32:09.546Z] OSHSU ARTICLE: ПОНЯТИЕ ГОСУДАРСТВЕННОГО ПРИНУЖДЕНИЯ
[2026-05-30T06:32:09.548Z] OSHSU ARTICLE: К ЮБИЛЕЮ ИЗВЕСТНОГО УЧЕНОГО-ПРАВОВЕДА ВИКТОРА НИКОЛАЕВИЧА ГРИГОРЬЕВА
[2026-05-30T06:32:09.550Z] OSHSU ARTICLE: ПРИНЦИПЫ УГОЛОВНОГО ЗАКОНОДАТЕЛЬСТВА КАК РУКОВОДЯЩИЕ НАЧАЛО УГОЛОВНОГО ЗАКОНА
[2026-05-30T06:32:09.552Z] OSHSU ARTICLE: ЗАЩИТА АВТОРСКОГО ПРАВА В КЫРГЫЗСТАНЕ
[2026-05-30T06:32:09.555Z] OSHSU ARTICLE: ПРАВО НА БЛАГОПРИЯТНУЮ ОКРУЖАЮЩУЮ СРЕДУ И СПОСОБЫ  ЕГО ЗАЩИТЫ  В КЫРГЫЗСКОЙ РЕСПУБЛИКЕ
[2026-05-30T06:32:09.557Z] OSHSU ARTICLE: ПРАВОВОЕ РЕГУЛИРОВАНИЕ БРАЧНЫХ ОТНОШЕНИЙ В МЕЖДУНАРОДНОМ ЧАСТНОМ ПРАВЕ
[2026-05-30T06:32:09.560Z] OSHSU ARTICLE: МЕЖДУНАРОДНОЕ СОТРУДНИЧЕСТВО КЫРГЫЗСКОЙ РЕСПУБЛИКИ В ОБЛАСТИ ОБЕСПЕЧЕНИЯ БЕЗОПАСНОСТИ ХВОСТОХРАНИЛИЩ
[2026-05-30T06:32:09.562Z] OSHSU ARTICLE: МЕЖДУНАРОДНО-ПРАВОВАЯ ЗАЩИТА ПРАВ МИГРАНТОВ КЫРГЫЗСКОЙ РЕСПУБЛИКИ
[2026-05-30T06:32:09.564Z] OSHSU ARTICLE: ЗЛОУПОТРЕБЛЕНИЕ ЗАКОНОМ В КОРПОРАТИВНЫХ ПРАВООТНОШЕНИЯХ
[2026-05-30T06:32:09.566Z] OSHSU ARTICLE: ПРОБЛЕМЫ ЛЕГИТИМНОСТИ ЧЛЕНОВ КООРДИНАЦИОННОГО СОВЕТА НАЦИОНАЛЬНОГО ЦЕНТРА КЫРГЫЗСКОЙ РЕСПУБЛИКИ ПО ПРЕДУПРЕЖДЕНИЮ ПЫТОК
[2026-05-30T06:32:09.569Z] OSHSU ARTICLE: АКТУАЛЬНЫЕ ВОПРОСЫ ПРИМЕНЕНИЯ ИСКУССТВЕННОГО ИНТЕЛЛЕКТА В СУДЕБНОМ ПРОЦЕССЕ: ТЕОРИЯ И ПРАКТИКА
[2026-05-30T06:32:09.572Z] OSHSU ARTICLE: ВОПРОСЫ КАСАЮЩИЕСЯ СЕМЕЙНО-БЫТОВОГО НАСИЛИЯ В ОТНОШЕНИИ ЖЕНЩИН И ДЕТЕЙ
[2026-05-30T06:32:09.574Z] OSHSU ARTICLE: ТЕОРЕТИЧЕСКИЕ АСПЕКТЫ БОРЬБЫ С КИБЕРПРЕСТУПНОСТЬЮ С ИСПОЛЬЗОВАНИЕМ ИСКУССТВЕННОГО ИНТЕЛЛЕКТА
[2026-05-30T06:32:09.576Z] OSHSU ARTICLE: ПОНЯТИЕ ПРАВОСУДИЯ И ЕГО ФУНКЦИИ В СИСТЕМЕ РАЗДЕЛЕНИЯ ВЛАСТЕЙ
[2026-05-30T06:32:09.578Z] OSHSU ARTICLE: ПРИНЦИПЫ УГОЛОВНОГО ПРАВА
[2026-05-30T06:32:09.581Z] OSHSU ARTICLE: ПОНЯТИЕ АВТОРСКОГО ПРАВА В СИСТЕМЕ ИНТЕЛЛЕКТУАЛЬНОЙ СОБСТВЕННОСТИ
[2026-05-30T06:32:09.582Z] OSHSU ARTICLE: ПРОБЛЕМЫ ГЕНДЕРНОГО НАСИЛИЯ В КЫРГЫЗСКОЙ РЕСПУБЛИКЕ
[2026-05-30T06:32:09.584Z] OSHSU JOURNAL: Вестник Ошского государственного университета. Филология
[2026-05-30T06:32:10.214Z] OSHSU ARTICLE: ИССЛЕДОВАНИЕ БАШКИРСКОГО УЧЕНОГО АБДУЛКАДИРА ИНАНА ПО «ЭПОСУ МАНАС» В ТУРЦИИ
[2026-05-30T06:32:10.216Z] OSHSU ARTICLE: НАРОДНАЯ ЭТНОГРАФИЯ: ПРЕИМУЩЕСТВА И НЕДОСТАТКИ
[2026-05-30T06:32:10.218Z] OSHSU ARTICLE: РОЛЬ СИНОНИМИИ В ИЗУЧЕНИИ АНГЛИЙСКОГО ЯЗЫКА КАК ВТОРОГО
[2026-05-30T06:32:10.220Z] OSHSU ARTICLE: ИМПЛИЦИТНОЕ ВЫРАЖЕНИЕ ОБРАЗА ЖЕНЩИНЫ В ПОСЛОВИЦАХ И ПОГОВОРКАХ РУССКОГО И КЫРГЫЗСКОГО ЯЗЫКОВ
[2026-05-30T06:32:10.222Z] OSHSU ARTICLE: ОСОБЕННОСТИ ИСПОЛЬЗОВАНИЕ СИНОНИМОВ В КЫРГЫЗКОМ, РУССКОМ И АНГЛИЙСКОМ ЯЗЫКАХ
[2026-05-30T06:32:10.225Z] OSHSU ARTICLE: ПЕРСОНАЖИ-«ЧУЖАКИ» В ПРОИЗВЕДЕНИЯХ ЧИНГИЗА АЙТМАТОВА
[2026-05-30T06:32:10.227Z] OSHSU ARTICLE: ТИТУЛ “АТА” В ТЮРКСКОЙ ТИТУЛАТУРЕ
[2026-05-30T06:32:10.229Z] OSHSU ARTICLE: НАЗВАНИЯ ПЛЕМЕН КАРЛУКОВ
[2026-05-30T06:32:10.232Z] OSHSU JOURNAL: Вестник Ошского государственного университета. Экономика
[2026-05-30T06:32:11.654Z] OSHSU ARTICLE: ЦИФРОВАЯ ГРАМОТНОСТЬ НАСЕЛЕНИЯ И КАДРОВЫЙ ПОТЕНЦИАЛ В УСЛОВИЯХ ЦИФРОВОЙ ТРАНСФОРМАЦИИ ЭКОНОМИКИ КЫРГЫЗСТАНА
[2026-05-30T06:32:11.656Z] OSHSU ARTICLE: СТРАТЕГИЧЕСКОЕ ПЛАНИРОВАНИЕ КАК ФАКТОР ОБЕСПЕЧЕНИЯ УСТОЙЧИВОГО РАЗВИТИЯ РЕГИОНОВ (на примере Узгенского района)
[2026-05-30T06:32:11.658Z] OSHSU ARTICLE: УМНОЕ ФЕРМЕРСТВО: ПЕРСПЕКТИВЫ, ТЕХНОЛОГИИ И ВЫЗОВЫ РАЗВИТИЯ
[2026-05-30T06:32:11.661Z] OSHSU ARTICLE: ПЕРСПЕКТИВЫ РЕАЛИЗАЦИИ ПРИНЦИПОВ PRB и ESG-ПРОДУКТОВ  В ДЕЯТЕЛЬНОСТИ КОММЕРЧЕСКИХ БАНКОВ КЫРГЫЗСТАНА
[2026-05-30T06:32:11.663Z] OSHSU ARTICLE: ВЛИЯНИЕ ТРУДОВОЙ МИГРАЦИИ НА КАЧЕСТВО ТРУДОВОЙ ЖИЗНИ СЕЛЬСКОГО НАСЕЛЕНИЯ ЮЖНЫХ РЕГИОНОВ КЫРГЫЗСКОЙ РЕСПУБЛИКИ
[2026-05-30T06:32:11.665Z] OSHSU ARTICLE: ВЛИЯНИЕ АНТИРОССИЙСКИХ САНКЦИЙ НА ТОРГОВЛЮ МЕЖДУ РОССИЕЙ И КЫРГЫЗСТАНОМ (2022–2024 ГГ.)
[2026-05-30T06:32:11.667Z] OSHSU ARTICLE: УСПЕШНОЕ РАЗВИТИЕ ПРЕДПРИНИМАТЕЛЬСТВА В РЕГИОНАХ КЫРГЫЗСТАНА: УГРОЗЫ И ВЫЗОВЫ СО СТОРОНЫ ТЕНЕВОЙ ЭКОНОМИКИ
[2026-05-30T06:32:11.670Z] OSHSU ARTICLE: ИНФРАСТРУКТУРА ПРОДОВОЛЬСТВЕННОГО РЫНКА КЫРГЫЗСКОЙ РЕСПУБЛИКИ: СОСТОЯНИЕ, ПРОБЛЕМЫ И ПЕРСПЕКТИВЫ
[2026-05-30T06:32:11.672Z] OSHSU ARTICLE: ЭФФЕКТИВНОЕ РАЗВИТИЕ ИНФРАСТРУКТУРЫ ПРОДОВОЛЬСТВЕННОГО РЫНКА КЫРГЫЗСКОЙ РЕСПУБЛИКИ В УСЛОВИЯХ ЭКОНОМИЧЕСКОЙ ИНТЕГРАЦИИ
[2026-05-30T06:32:11.674Z] OSHSU ARTICLE: ГОСУДАРСТВЕННЫЙ СУВЕРЕНИТЕТ И ОБРАЗОВАТЕЛЬНАЯ ИСКЛЮЧЁННОСТЬ ДЕТЕЙ-БЕЖЕНЦЕВ РОХИНДЖА В БАНГЛАДЕШ
[2026-05-30T06:32:11.676Z] OSHSU ARTICLE: СОВРЕМЕННЫЕ ТЕНДЕНЦИИ И СТРУКТУРА ЭКСПОРТА УЗГЕНСКОГО РИСА: РЕГИОНАЛЬНЫЕ ОСОБЕННОСТИ И РОЛЬ В ЭКОНОМИЧЕСКОЙ ДИВЕРСИФИКАЦИИ АГРАРНОГО СЕКТОРА КЫРГЫЗСКОЙ РЕСПУБЛИКИ
[2026-05-30T06:32:11.679Z] OSHSU ARTICLE: ЛИЗИНГ КАК ИНСТРУМЕНТ ИНВЕСТИЦИОННОЙ ПОЛИТИКИ В КЫРГЫЗСКОЙ РЕСПУБЛИКЕ: НАЛОГОВОЕ РЕГУЛИРОВАНИЕ, ПРОБЛЕМЫ И ПЕРСПЕКТИВЫ
[2026-05-30T06:32:11.681Z] OSHSU ARTICLE: ПРОБЛЕМЫ АНАЛИЗА ВЛИЯНИЯ КОЛИЧЕСТВЕННОЙ ОЦЕНКИ НА АРЕНДУ И АРЕНДНЫЕ АКТИВЫ
[2026-05-30T06:32:11.683Z] OSHSU ARTICLE: ОПРЕДЕЛЕНИЕ ПРИОРИТЕНЫХ НАПРАВЛЕНИЙ РАЗВИТИЯ СЕЛЬСКОГО ХОЗЯЙСТВА В КОНТЕКСТЕ КЛАСТЕРНОГО УПРАВЛЕНИЯ
[2026-05-30T06:32:11.685Z] OSHSU ARTICLE: ИСКУССТВЕННЫЙ ИНТЕЛЛЕКТ В АУДИТЕ: МЕЖДУ ПРОРЫВОМ И РИСКАМИ
[2026-05-30T06:32:11.688Z] OSHSU ARTICLE: ПРОБЛЕМЫ НАЛОГООБЛОЖЕНИЯ КОММЕРЧЕСКИХ БАНКОВ В КЫРГЫЗСТАНЕ И НЕКОТОРЫЕ ВГЛЯДЫ НА ИХ РЕШЕНИЕ
[2026-05-30T06:32:11.689Z] OSHSU ARTICLE: МЕТОДИЧЕСКИЕ ПОДХОДЫ К УЧЕТУ ЗАТРАТ НА ДОБЫЧУ УГЛЯ В КОНТЕКСТЕ ВНЕДРЕНИЯ СТАНДАРТОВ УСТОЙЧИВОГО РАЗВИТИЯ
[2026-05-30T06:32:11.693Z] OSHSU JOURNAL: Вестник Ошского государственного университета. Философия. Социология. Политология
[2026-05-30T06:32:13.384Z] OSHSU ARTICLE: О НЕЙТРАЛИЗАЦИИ ДЕСТРУКТИВНЫХ ИДЕОЛОГИЙ: ПРЕЗЕНТАЦИЯ ИДЕЙ
[2026-05-30T06:32:13.386Z] OSHSU ARTICLE: РАЗВИТИЕ ГУМАНИТАРНОЙ ДИПЛОМАТИИ В ЦЕНТРАЛЬНОЙ АЗИИ: ОПЫТ И ПРАКТИКИ МЕЖДУНАРОДНОГО ДВИЖЕНИЯ КРАСНОГО КРЕСТА И КРАСНОГО ПОЛУМЕСЯЦА
[2026-05-30T06:32:13.389Z] OSHSU ARTICLE: АНАЛИЗ ПОТЕНЦИАЛА ШОС В СИСТЕМЕ ГЛОБАЛЬНОГО УПРАВЛЕНИЯ
[2026-05-30T06:32:13.391Z] OSHSU ARTICLE: ВЛИЯНИЕ ГЛОБАЛИЗАЦИИ НА КУЛЬТУРУ КЫРГЫЗСТАНА И ЦЕННОСТИ МОЛОДЕЖИ: МЕЖДУНАРОДНЫЕ АСПЕКТЫ
[2026-05-30T06:32:13.395Z] OSHSU ARTICLE: СОТРУДНИЧЕСТВО СТРАН СНГ В ПРОТИВОДЕЙСТВИИ ТЕРРОРИЗМУ
[2026-05-30T06:32:13.397Z] OSHSU ARTICLE: СОВРЕМЕННАЯ ВНЕШНЕПОЛИТИЧЕСКАЯ СТРАТЕГИЯ СИ ЦЗИНЬПИНА
[2026-05-30T06:32:13.399Z] OSHSU ARTICLE: СТРАТЕГИЯ ЕВРОПЕЙСКОГО СОЮЗА «ГЛОБАЛЬНЫЙ ПОРТАЛ» КАК ИНСТРУМЕНТ ЭКОНОМИЧЕСКОЙ ДИПЛОМАТИИ И УСТОЙЧИВОГО РАЗВИТИЯ В ЦЕНТРАЛЬНОЙ АЗИИ
[2026-05-30T06:32:13.401Z] OSHSU ARTICLE: ИСТОРИКО-КУЛЬТУРНОЕ ВЗАИМОДЕЙСТВИЕ КЫРГЫЗСТАНА И ФРАНЦИИ ЧЕРЕЗ ПРИЗМУ ДИПЛОМАТИЧЕСКИХ ОТНОШЕНИЙ
[2026-05-30T06:32:13.403Z] OSHSU ARTICLE: КОРПОРАТИВНАЯ ОТВЕТСТВЕННОСТЬ КАК ИНСТРУМЕНТ ЗАЩИТЫ ПРАВ ИНВЕСТОРОВ В КЫРГЫЗСТАНЕ
[2026-05-30T06:32:13.405Z] OSHSU ARTICLE: СУБЪЕКТЫ И КЛАССИФИКАЦИЯ КОРПОРАТИВНОЙ ОТВЕТСТВЕННОСТИ В СОВРЕМЕННОМ ПРАВЕ
[2026-05-30T06:32:13.407Z] OSHSU ARTICLE: К ВОПРОСУ О ПРАВОВОЙ АДАПТАЦИИ КОРПОРАТИВНЫХ ОБРАЗОВАНИЙ В СОВРЕМЕННЫХ УСЛОВИЯХ КР (НА ПРИМЕРЕ ОАО «НАЦИОНАЛЬНАЯ ЭЛЕКТРИЧЕСКАЯ СЕТЬ КЫРГЫЗСТАНА»)
[2026-05-30T06:32:13.409Z] OSHSU ARTICLE: К ВОПРОСУ О ПРАВОВОЙ ЗАЩИТЕ ДЕТЕЙ В КЫРГЫЗСТАНЕ НА СОВРЕМЕННОМ ЭТАПЕ
[2026-05-30T06:32:13.412Z] OSHSU ARTICLE: ОБЕСПЕЧЕНИЕ ГЕНДЕРНОГО РАВЕНСТВА – ПРИОРИТЕТНОЕ НАПРАВЛЕНИЕ СТРАТЕГИИ НОВОГО УЗБЕКИСТАНА
[2026-05-30T06:32:13.414Z] OSHSU ARTICLE: ТЮРКСКИЕ ТРАДИЦИИ КОНЕВОДСТВА И КАВАЛЕРИИ НА СТЫКЕ ЦИВИЛИЗАЦИИ И ЭПОХ
[2026-05-30T06:32:13.415Z] OSHSU ARTICLE: ЖЕНЩИНЫ И СОЦИАЛЬНАЯ ЗАЩИТА В РЕГИОНАХ  КЫРГЫЗСТАНА
[2026-05-30T06:32:13.418Z] OSHSU ARTICLE: ЗАГРЯЗНЕНИЕ ВОЗДУХА ОТ ВЫБРОСОВ ТРАНСПОРТА И СОЦИАЛЬНАЯ УЯЗВИМОСТЬ ЛЮДЕЙ С ИНВАЛИДНОСТЬЮ В ГОРОДЕ ОШ
[2026-05-30T06:32:13.420Z] OSHSU ARTICLE: ОБРАЗОВАТЕЛЬНЫЕ БАРЬЕРЫ ДЛЯ СТУДЕНТОВ С ИНВАЛИДНОСТЬЮ
[2026-05-30T06:32:13.422Z] OSHSU ARTICLE: ФОРМИРОВАНИЕ КЫРГЫЗСКОЙ ТРАДИЦИОННОЙ МУЗЫКАЛЬНОЙ КУЛЬТУРЫ
[2026-05-30T06:32:13.424Z] OSHSU ARTICLE: ИЗУЧЕНИЕ ТРАДИЦИОННОГО МУЗЫКАЛЬНОГО ТВОРЧЕСТВА КҮҮ И ЕГО МЕСТА В НАЦИОНАЛЬНОЙ КУЛЬТУРЕ
[2026-05-30T06:32:13.426Z] OSHSU ARTICLE: СМЫСЛ И ИСТОРИЯ РАЗВИТИЯ КОНЦЕПЦИИ ОРКЕСТРА
[2026-05-30T06:32:13.428Z] OSHSU ARTICLE: РАЗВИТИЕ ОРКЕСТРОВОГО ЖАНРА В РОССИИ И В СОВЕТСКИЙ ПЕРИОД
[2026-05-30T06:32:13.430Z] OSHSU ARTICLE: РАЗВИТИЕ МУЗЫКАЛЬНОГО ВОСПРИЯТИЯ У ДОШКОЛЬНИКОВ
[2026-05-30T06:32:13.432Z] OSHSU ARTICLE: ФОРМИРОВАНИЕ ЭСТЕТИЧЕСКОГО ВКУСА В СОВРЕМЕННОЙ СОЦИОКУЛЬТУРНОЙ СИТУАЦИИ
[2026-05-30T06:32:13.434Z] OSHSU ARTICLE: РОЛЬ ИСКУССТВА В ПРОЦЕССЕ СОЦИАЛИЗАЦИИ ЧЕЛОВЕКА
[2026-05-30T06:32:13.436Z] OSHSU ARTICLE: РОЛЬ МУЗЫКИ В ЖИЗНИ ЧЕЛОВЕКА В ЭПОХУ ГЛОБАЛИЗАЦИИ
[2026-05-30T06:32:13.438Z] OSHSU ARTICLE: ТВОРЧЕСКИЙ ПУТЬ КЫРГЫЗСКОГО КОМПОЗИТОРА АСКАРА ТУЛЕЕВА
[2026-05-30T06:32:13.439Z] OSHSU ARTICLE: ИНТУИЦИЯ В ПРОЦЕССЕ ПОЗНАНИЯ
[2026-05-30T06:32:13.441Z] OSHSU ARTICLE: ПРОБЛЕМЫ РЕАЛИЗАЦИИ ГОСУДАРТСВЕННОЙ ПОЛИТИКИ В СФЕРЕ ВЫСШЕГО ОБРАЗОВАНИЯ (ФИЛОСОФСКИЙ АНАЛИЗ)
[2026-05-30T06:32:13.444Z] OSHSU JOURNAL: Вестник Ошского государственного университета. Медицина
[2026-05-30T06:32:14.196Z] OSHSU ARTICLE: РИСКИ ДЛЯ ОКРУЖАЮЩЕЙ СРЕДЫ И ЗДОРОВЬЯ, СВЯЗАННЫЕ С ИСПОЛЬЗОВАНИЕМ ПЕСТИЦИДОВ В КЫРГЫЗСТАНЕ
[2026-05-30T06:32:14.198Z] OSHSU ARTICLE: ДЕПРЕССИЯ И НАРУШЕНИЯ ПСИХИЧЕСКОГО ЗДОРОВЬЯ У СТУДЕНТОВ-МЕДИКОВ
[2026-05-30T06:32:14.200Z] OSHSU ARTICLE: ВЛИЯНИЕ ПРИВЫЧЕК И ПРОДОЛЖИТЕЛЬНОСТИ СНА НА УСПЕВАЕМОСТЬ И АДАПТАЦИЮ
[2026-05-30T06:32:14.202Z] OSHSU ARTICLE: ИСПОЛЬЗОВАНИЕ ИНФОРМАЦИОННЫХ ТЕХНОЛОГИЙ В ПРЕПОДАВАНИИ ДИСЦИПЛИНЫ “БИОХИМИЯ” СТУДЕНТАМ МЕЖДУНАРОДНОГО МЕДИЦИНСКОГО ФАКУЛЬТЕТА ОШГУ
[2026-05-30T06:32:14.204Z] OSHSU ARTICLE: ПРИМЕНЕНИЕ ЛЕКАРСТВЕННЫХ РАСТЕНИЙ ПРИ ОТРАВЛЕНИЯХ В РЕЗУЛЬТАТЕ НЕПРЕРЫВНОЙ РАБОТЫ ЗА КОМПЬЮТЕРОМ
[2026-05-30T06:32:14.206Z] OSHSU ARTICLE: БРОНХИАЛЬНАЯ АСТМА У ДЕТЕЙ: ПРИЗЫВ К ДЕЙСТВИЯМ В РАЗВИВАЮЩИХСЯ СТРАНАХ
[2026-05-30T06:32:14.208Z] OSHSU ARTICLE: ЭКСПРЕСС-МЕТОД ОПРЕДЕЛЕНИЯ БИОЛОГИЧЕСКОГО ВОЗРАСТА ЧЕЛОВЕКА
[2026-05-30T06:32:14.212Z] OSHSU JOURNAL: Journal of Osh State University. Differential Equations
[2026-05-30T06:32:14.921Z] OSHSU ARTICLE: Inverse Problem for a Nonlinear Pseudiparabolic Differential Equation with Final Condition and Gerasimov–Caputo Operator
[2026-05-30T06:32:14.924Z] OSHSU ARTICLE: Boundary Value Problem for a System of Fredholm Integro-Differential Equations with Maxima
[2026-05-30T06:32:14.926Z] OSHSU ARTICLE: Mathematical Modeling of a Reaction-Diffusion System with a Free Boundary
[2026-05-30T06:32:14.929Z] OSHSU ARTICLE: Boundary Value Problem for a Seventh Order Nonhomogeneous Partial Differential Equation
[2026-05-30T06:32:14.931Z] OSHSU ARTICLE: Nonlinear Fractional-Differential-Integral Equation with Product of Two Nonlinear Functions, Degeneration and Maxima
[2026-05-30T06:32:14.934Z] OSHSU ARTICLE: Optimal Control Problem for an Impulsive Systems of FunctionalDifferential Equations with a Nonlinear Function under the Sign of a First-Order Differential
[2026-05-30T06:32:14.936Z] OSHSU ARTICLE: Density-Type Properties of the Space of the Solutions of an Ordinary Differential Equation
[2026-05-30T06:32:14.939Z] OSHSU ARTICLE: A Boundary Value Problem with the Generalized M. Saigo Operator for a Mixed-Type Equation with the Hilfer Fractional Derivative
[2026-05-30T06:32:14.942Z] OSHSU ARTICLE: Boundary Value Problems with Mixed Dirichlet and Neumann Conditions for Three-Dimensional Degenerate Elliptic Equation
[2026-05-30T06:32:14.945Z] OSHSU ARTICLE: On G. E. Hutchinson Population Model for Fractional Differential Equations with Maxima
[2026-05-30T06:32:14.948Z] OSHSU JOURNAL: Научный журнал Арашанского гуманитарного института
[2026-05-30T06:32:15.135Z] OSHSU issue error: Request failed with status code 500
[2026-05-30T06:32:15.138Z] OSHSU JOURNAL: English
[2026-05-30T06:32:16.019Z] OSHSU JOURNAL: Türkçe
[2026-05-30T06:32:16.761Z] OSHSU JOURNAL: Кыргызча
[2026-05-30T06:32:17.576Z] OSHSU JOURNAL: Русский
[2026-05-30T06:32:18.442Z] DONE: {"journals":35,"articles":228}
[2026-05-30T06:39:15.231Z] CRAWL START
[2026-05-30T06:39:15.234Z] START VAK
[2026-05-30T06:39:17.987Z] VAK JOURNAL: Edition № 3 (2023)
[2026-05-30T06:39:19.107Z] VAK ARTICLE: Edition № 3 (2023)
[2026-05-30T06:39:19.110Z] VAK JOURNAL: Edition № 2 (2023)
[2026-05-30T06:39:20.318Z] VAK ARTICLE: Edition № 2 (2023)
[2026-05-30T06:39:20.321Z] VAK JOURNAL: Edition № 1 (2023)
[2026-05-30T06:39:21.224Z] VAK ARTICLE: Edition № 1 (2023)
[2026-05-30T06:39:21.226Z] VAK JOURNAL: Выпуск № 4, 2025 год
[2026-05-30T06:39:22.074Z] VAK ARTICLE: Выпуск № 4, 2025 год
[2026-05-30T06:39:22.079Z] VAK JOURNAL: Выпуск № 3, 2025 год
[2026-05-30T06:39:23.307Z] VAK ARTICLE: Выпуск № 3, 2025 год
[2026-05-30T06:39:23.309Z] VAK JOURNAL: Выпуск № 2, 2025 год
[2026-05-30T06:39:24.498Z] VAK ARTICLE: Выпуск № 2, 2025 год
[2026-05-30T06:39:24.501Z] VAK JOURNAL: Выпуск № 1, 2025 год
[2026-05-30T06:39:27.540Z] VAK ARTICLE: Выпуск № 1, 2025 год
[2026-05-30T06:39:27.544Z] VAK JOURNAL: Выпуск №4, 2024 год
[2026-05-30T06:39:28.323Z] VAK ARTICLE: Выпуск №4, 2024 год
[2026-05-30T06:39:28.326Z] VAK JOURNAL: Выпуск №3, 2024 год
[2026-05-30T06:39:29.170Z] VAK ARTICLE: Выпуск №3, 2024 год
[2026-05-30T06:39:29.173Z] VAK JOURNAL: Выпуск №2, 2024 год
[2026-05-30T06:39:30.013Z] VAK ARTICLE: Выпуск №2, 2024 год
[2026-05-30T06:39:30.016Z] VAK JOURNAL: Выпуск №1, 2024 год
[2026-05-30T06:39:30.802Z] VAK ARTICLE: Выпуск №1, 2024 год
[2026-05-30T06:39:30.805Z] VAK JOURNAL: Выпуск № 4, 2023 год
[2026-05-30T06:39:31.600Z] VAK ARTICLE: Выпуск № 4, 2023 год
[2026-05-30T06:39:31.604Z] VAK JOURNAL: Выпуск №3, 2023 год
[2026-05-30T06:39:32.370Z] VAK ARTICLE: Выпуск №3, 2023 год
[2026-05-30T06:39:32.371Z] START OSHSU
[2026-05-30T06:39:33.009Z] OSHSU JOURNAL: Журналы ОшГУ
[2026-05-30T06:39:33.284Z] OSHSU JOURNAL: Регистрация
[2026-05-30T06:39:33.912Z] OSHSU JOURNAL: Вход
[2026-05-30T06:39:34.198Z] OSHSU JOURNAL: Вестник Ошского государственного университета
[2026-05-30T06:39:35.565Z] OSHSU ARTICLE: ОЦЕНКА УЛЬТРАЗВУКОВОЙ КАРТИНЫ ЖЕЛЧЕ-КАМЕННОЙ БОЛЕЗНИ И ДЕСТРУКТИВНОГО ХОЛЕЦИСТИТА В ПРОСПЕКТИВНОМ ИССЛЕДОВАНИИ В КЫРГЫЗСКОЙ РЕСПУБЛИКЕ
[2026-05-30T06:39:35.569Z] OSHSU ARTICLE: ФИЗИКО-ХИМИЧЕСКАЯ ХАРАКТЕРИСТИКА РОТОВОЙ ЖИДКОСТИ ДЕТЕЙ 15 ЛЕТ, ПРОЖИВАЮЩИХ В РАЗЛИЧНЫХ ЭКОЛОГИЧЕСКИХ НЕБЛАГОПРИЯТНЫХ РЕГИОНАХ ЮГА КЫРГЫЗСТАНА
[2026-05-30T06:39:35.571Z] OSHSU ARTICLE: КЛИНИЧЕСКИЕ ПОДХОДЫ К ЛЕЧЕНИЮ ДЕТЕЙ С НАРУШЕНИЯМИ ПОЛОЖЕНИЯ ЗУБОВ И ФОРМЫ ЗУБНЫХ ДУГ
[2026-05-30T06:39:35.574Z] OSHSU ARTICLE: ПРИМЕНЕНИЕ НАНОЧАСТИЦ СЕРЕБРА В МЕДИЦИНЕ
[2026-05-30T06:39:35.577Z] OSHSU ARTICLE: ПАРАМЕТРЫ ОКИСЛИТЕЛЬНОГО СТРЕССА И ЭНДОГЕННОЙ ИНТОКСИКАЦИИ ПРИ ЭКСПЕРИМЕНТАЛЬНОМ МОДЕЛИРОВАНИИ ДЕСТРУКТИВНОГО ХОЛЕЦИСТИТА
[2026-05-30T06:39:35.580Z] OSHSU ARTICLE: ИССЛЕДОВАНИЕ ИСХОДОВ ОПЕРАТИВНОГО ВМЕШАТЕЛЬСТВА У ПОЖИЛЫХ И СТАРЧЕСКИХ ПАЦИЕНТОВ С ЖЕЛЧНОКАМЕННОЙ БОЛЕЗНЬЮ, ОСЛОЖНЁННОЙ ОСТРЫМ ХОЛЕЦИСТИТОМ И ХОЛЕДОХОЛИТИАЗОМ
[2026-05-30T06:39:35.583Z] OSHSU ARTICLE: КРИКЕТ КАК ИНСТРУМЕНТ МЯГКОЙ СИЛЫ ИНДИИ В МЕЖДУНАРОДНЫХ ОТНОШЕНИЯХ
[2026-05-30T06:39:35.585Z] OSHSU ARTICLE: ДАЛЬНЕЙШАЯ СУДЬБА ЕНИСЕЙСКИХ КЫРГЫЗОВ, ПЕРЕСЕЛЕННЫХ В ДЖУНГАРИЮ В 1703 ГОДУ
[2026-05-30T06:39:35.588Z] OSHSU ARTICLE: ОБЩЕСТВЕННАЯ И РЕЛИГИОЗНАЯ ЖИЗНЬ В СРЕДНЕЙ АЗИИ В КАРАХАНИДСКИЙ ПЕРИОД
[2026-05-30T06:39:35.591Z] OSHSU ARTICLE: КОНЦЕПТУАЛЬНАЯ МОДЕЛЬ ПОДГОТОВКИ СТУДЕНТОВ ТЕХНИЧЕСКИХ СПЕЦИАЛЬНОСТЕЙ К ПРИМЕНЕНИЮ ТЕХНОЛОГИЙ МАШИННОГО ОБУЧЕНИЯ
[2026-05-30T06:39:35.595Z] OSHSU ARTICLE: СОЦИАЛЬНАЯ СРЕДА КАК ФАКТОР ФОРМИРОВАНИЯ ГРАЖДАНСКОЙ ОТВЕТСТВЕННОСТИ МЛАДШИХ ШКОЛЬНИКОВ В УСЛОВИЯХ ПЕРЕХОДА НА ДВЕНАДЦАТИЛЕТНЕЕ ОБРАЗОВАНИЕ
[2026-05-30T06:39:35.597Z] OSHSU ARTICLE: АНАЛИЗ ЦЕННОСТНОГО СОДЕРЖАНИЯ ТЕКСТОВ В УЧЕБНИКАХ КЫРГЫЗСКОГО И АНГЛИЙСКОГО ЯЗЫКА 5-КЛАССОВ
[2026-05-30T06:39:35.600Z] OSHSU ARTICLE: НАУЧНО-ПЕДАГОГИЧЕСКИЕ ОСНОВЫ МОНИТОРИНГА КАЧЕСТВА ПЕДАГОГИЧЕСКОГО ОБРАЗОВАНИЯ В ВЫСШИХ УЧЕБНЫХ ЗАВЕДЕНИЯХ: НА ПРИМЕРЕ ОШСКОГО ГОСУДАРСТВЕННОГО УНИВЕРСИТЕТА
[2026-05-30T06:39:35.603Z] OSHSU ARTICLE: ИСПОЛЬЗОВАНИЕ СОЦИАЛЬНО-ЭМОЦИОНАЛЬНОГО ОБУЧЕНИЯ КАК КОМПОНЕНТА ПРЕПОДАВАНИЯ АНГЛИЙСКОГО ЯЗЫКА В СЕЛЬСКИХ ШКОЛАХ КЫРГЫЗСТАНА
[2026-05-30T06:39:35.605Z] OSHSU ARTICLE: АСИМПТОТИКА РЕШЕНИЯ ДВУХТОЧЕЧНОЙ КРАЕВОЙ ЗАДАЧИ С ВНУТРЕННИМ СЛОЕМ
[2026-05-30T06:39:35.608Z] OSHSU ARTICLE: РАЗРАБОТКА МОДЕЛЕЙ ГЛУБОКОГО ОБУЧЕНИЯ ДЛЯ ПРОГНОЗИРОВАНИЯ БОЛЕЗНЕЙ РАСТЕНИЙ  В СЕЛЬСКОМ ХОЗЯЙСТВЕ НА ОСНОВЕ НА ОСНОВЕ ВЕЙВЛЕТ ПРЕОБРАЗОВАНИЙ
[2026-05-30T06:39:35.611Z] OSHSU ARTICLE: МЕТОД КРИПТОГРАФИЧЕСКОЙ ВЕРИФИКАЦИИ ПОДЛИННОСТИ ЭЛЕКТРОННЫХ ДОКУМЕНТОВ ЗА ПРЕДЕЛАМИ СИСТЕМЫ ДОКУМЕНТООБОРОТА С ИСПОЛЬЗОВАНИЕМ ДИНАМИЧЕСКИХ QR-КОДОВ
[2026-05-30T06:39:35.614Z] OSHSU ARTICLE: БИОТЕСТИРОВАНИЕ И ТОКСИКОЛОГИЧЕСКИЕ ИСПЫТАНИЯ СИНТЕЗИРОВАННЫХ ГУМИНОВЫХ ПРЕПАРАТОВ
[2026-05-30T06:39:35.617Z] OSHSU ARTICLE: УГЛЕВОДНЫЙ СОСТАВ ПОЛИСАХАРИДНОГО КОМПЛЕКСА ВЫДЕЛЕННОГО ИЗ ACANTHOPHYLLUM SUBGLABRUM
[2026-05-30T06:39:35.619Z] OSHSU ARTICLE: НЕФОРМАЛЬНЫЕ ИНСТИТУТЫ И СОЦИАЛЬНЫЙ КАПИТАЛ В ПЕРИФЕРИЙНЫХ ЭКОНОМИКАХ: ПРИМЕР РЕГИОНАЛЬНОГО ПРЕДПРИНИМАТЕЛЬСТВА В КЫРГЫЗСТАНЕ
[2026-05-30T06:39:35.622Z] OSHSU ARTICLE: ЦИФРОВОЕ ПРИСУТСТВИЕ ЭПОСА “МАНАС” В РУССКОЯЗЫЧНОМ КОРПУСЕ GOOGLE BOOKS NGRAM VIEWER
[2026-05-30T06:39:35.624Z] OSHSU ARTICLE: ВЗГЛЯДЫ МУХТАРА БОРБУГУЛОВА НА ПРОИСХОЖДЕНИЕ ЭПОСА «МАНАС»
[2026-05-30T06:39:35.627Z] OSHSU ARTICLE: МОЛОДЁЖНЫЙ СЛЕНГ В ЭПОХУ ГЛОБАЛИЗАЦИИ: СРАВНИТЕЛЬНЫЙ АНАЛИЗ ЗАИМСТВОВАНИЙ В РУССКОМ И КЫРГЫЗСКОМ ЯЗЫКАХ
[2026-05-30T06:39:35.630Z] OSHSU ARTICLE: ТЕОРИЯ И ПРАКТИКА ИЗУЧЕНИЯ  КАТЕГОРИИ ПАДЕЖА В КЫРГЫЗСКОМ ЯЗЫКЕ
[2026-05-30T06:39:35.632Z] OSHSU ARTICLE: ИССЛЕДОВАНИЕ ВЫРАЖЕНИЙ КАТЕГОРИИ ПРЕДЛОЖНОГО ПАДЕЖА В КЫРГЫЗСКОМ ЯЗЫКЕ И ИХ СООТВЕТСТВИЙ В КИТАЙСКОМ ЯЗЫКЕ С МЕЖЪЯЗЫКОВОЙ ТОЧКИ ЗРЕНИЯ
[2026-05-30T06:39:35.635Z] OSHSU ARTICLE: ОСОБЕННОСТИ ПАМЯТИ ТӨКМӨ АКЫНОВ
[2026-05-30T06:39:35.637Z] OSHSU ARTICLE: СОВРЕМЕННАЯ КЫРГЫЗСКАЯ СЕМЬЯ И ПРОБЛЕМА РЕЛИГИОЗНОЙ ИДЕНТИЧНОСТИ ВЫЗЫВАЮЩАЯ СПОРЫ
[2026-05-30T06:39:35.639Z] OSHSU JOURNAL: Вестник Ошского государственного университета. Сельское хозяйство: агрономия, ветеринария и зоотехния
[2026-05-30T06:39:36.412Z] OSHSU ARTICLE: ЭФФЕКТИВНОСТЬ ЛЕЧЕНИЯ ДИКТИОКАУЛЁЗА ОВЕЦ
[2026-05-30T06:39:36.415Z] OSHSU ARTICLE: ЭКОНОМИКА АГРАРНОГО СЕКТОРА ТАЛАССКОЙ ОБЛАСТИ КЫРГЫЗСКОЙ РЕСПУБЛИКИ ПОД ВЛИЯНИЕМ КЛИМАТИЧЕСКИХ ФАКТОРОВ
[2026-05-30T06:39:36.418Z] OSHSU JOURNAL: Научный журнал теологического факультета
[2026-05-30T06:39:36.994Z] OSHSU ARTICLE: Methods of calling to faith through the “Quran”
[2026-05-30T06:39:36.996Z] OSHSU ARTICLE: Criticism of wahhabism and relations with salafis
[2026-05-30T06:39:36.999Z] OSHSU ARTICLE: The relationships of Jews with Central Asia
[2026-05-30T06:39:37.002Z] OSHSU ARTICLE: Jerusalem (al-quds) and its place in the three monotheistic religions
[2026-05-30T06:39:37.004Z] OSHSU ARTICLE: Method of understanding the “Quran”
[2026-05-30T06:39:37.007Z] OSHSU ARTICLE: Tafsir Activities of Turks in the Ottoman Context and the Reasons for the Predominant Use of Arabic in Ottoman Exegesis Works
[2026-05-30T06:39:37.010Z] OSHSU ARTICLE: Müslüman Dünyada Çağdaş Düşünce
[2026-05-30T06:39:37.012Z] OSHSU JOURNAL: Вопросы востоковедения
[2026-05-30T06:39:38.436Z] OSHSU ARTICLE: ОБЩИЕ ДИДАКТИЧЕСКИЕ, МЕТОДИЧЕСКИЕ И СПЕЦИАЛЬНЫЕ МЕТОДОЛОГИЧЕСКИЕ ПРИНЦИПЫ ПРЕПОДАВАНИЯ КИТАЙСКОЙ ФОНЕТИКИ
[2026-05-30T06:39:38.439Z] OSHSU ARTICLE: РАДИКАЛЬНОЕ ДВИЖЕНИЕ ТАЛИБАН В АФГАНИСТАНЕ
[2026-05-30T06:39:38.442Z] OSHSU ARTICLE: ИРАНО-ИРАКСКИЕ КОНФЛИКТЫ: ИСТОРИЯ И СОВРЕМЕННОЕ СОСТОЯНИЕ
[2026-05-30T06:39:38.444Z] OSHSU ARTICLE: «ИСЛАМСКАЯ РЕВОЛЮЦИЯ» В ИРАНЕ КАК ФАКТОР МЕЖДУНАРОДНЫХ ОТНОШЕНИЙ В ПОСЛЕДНЕЙ ЧЕТВЕРТИ XX ВЕКА
[2026-05-30T06:39:38.447Z] OSHSU ARTICLE: КОНФЛИКТЫ НА КОРЕЙСКОМ ПОЛУОСТРОВЕ: ИСТОРИЯ И СОВРЕМЕННОЕ СОСТОЯНИЕ
[2026-05-30T06:39:38.450Z] OSHSU ARTICLE: ПРОБЛЕМЫ И ПЕРСПЕКТИВЫ РАЗВИТИЯ БИЗНЕСА С ВОСТОЧНЫМИ СТРАНАМИ
[2026-05-30T06:39:38.452Z] OSHSU ARTICLE: ТРАДИЦИОННЫЕ ВИДЫ КОВРОВ И КОВРОВЫХ ИЗДЕЛИЙ (НА ПРИМЕРЕ КОВРА “АРАБИ”)
[2026-05-30T06:39:38.455Z] OSHSU ARTICLE: ПОЛОЖЕНИЕ ЖЕНЩИН ВО ВРЕМЯ И ПОСЛЕ ВЕЛИКОЙ ОТЕЧЕСТВЕННОЙ ВОЙНЫ
[2026-05-30T06:39:38.459Z] OSHSU ARTICLE: ОТ ИДЕИ СОЗДАНИЯ КЫРГЫЗСКОЙ ГОРНОЙ ОБЛАСТИ ДО ОБРАЗОВАНИЕ КАРА КЫРГЫЗСКОЙ АВТОНОМНОЙ ОБЛАСТИ: ИСТОЧНИКОВЕДЧЕСКИЕ ВОПРОСЫ
[2026-05-30T06:39:38.461Z] OSHSU ARTICLE: КОНЦЕПТУАЛЬНЫЕ ПРОБЛЕМЫ ВЕЛИКОЙ ОТЕЧЕСТВЕННОЙ ВОЙНЫ, ТРЕБУЮЩИЕ ДЕТАЛЬНОГО ИЗУЧЕНИЯ И УТОЧНЕНИЯ
[2026-05-30T06:39:38.464Z] OSHSU ARTICLE: ЖЕНСКАЯ МОДА В СССР ВО ВРЕМЯ ВЕЛИКОЙ ОТЕЧЕСТВЕННОЙ ВОЙНЫ: БАЛАНС МЕЖДУ ПРАКТИЧНОСТЬЮ И ЖЕНСТВЕННОСТЬЮ
[2026-05-30T06:39:38.467Z] OSHSU ARTICLE: ГЕРОИЗМ ИСМАИЛБЕКА ТАРАНЧИЕВА: ПОДВИГ КЫРГЫЗСКОГО ЛЁТЧИКА В ВЕЛИКОЙ ОТЕЧЕСТВЕННОЙ ВОЙНЕ
[2026-05-30T06:39:38.469Z] OSHSU ARTICLE: ПОНЯТИЕ СУННЫ В ДЖАХИЛИИ И ИСЛАМЕ
[2026-05-30T06:39:38.471Z] OSHSU ARTICLE: КИТАЙСКО-ТАЙВАНЬСКИЕ КОНФЛИКТЫ: ИСТОРИЯ И СОВРЕМЕННОЕ СОСТОЯНИЕ
[2026-05-30T06:39:38.475Z] OSHSU ARTICLE: ГЕОПОЛИТИЧЕСКИЕ И ЭКОНОМИЧЕСКИЕ ОТНОШЕНИЯ МЕЖДУ КЫРГЫЗСКОЙ РЕСПУБЛИКОЙ И РОССИЙСКОЙ ФЕДЕРАЦИЕЙ (1991-2024 ГГ.)
[2026-05-30T06:39:38.477Z] OSHSU ARTICLE: РОЛЬ ТУРЦИИ В ЦЕНТРАЛЬНОЙ АЗИИ: ПРИОРИТЕТ КЫРГЫЗСТАНА ВО ВНЕШНЕЙ ПОЛИТИКЕ ТУРЦИИ
[2026-05-30T06:39:38.479Z] OSHSU ARTICLE: ДИПЛОМАТИЧЕСКИЕ АСПЕКТЫ АРАБО-ИЗРАИЛЬСКОГО КОНФЛИКТА
[2026-05-30T06:39:38.482Z] OSHSU ARTICLE: ОСВЕНЦИМ В ПРОИЗВЕДЕНИЯХ ЕВРОПЕЙСКИХ И АМЕРИКАНСКИХ ПИСАТЕЛЕЙ
[2026-05-30T06:39:38.485Z] OSHSU ARTICLE: СОВРЕМЕННОЕ РАЗВИТИЕ АРАБСКОГО ОБЩЕСТВА
[2026-05-30T06:39:38.487Z] OSHSU ARTICLE: ИСТОРИЯ ВОЗНИКНОВЕНИЯ ДИАЛЕКТОВ И ПУТЬ РАЗВИТИЯ ЕДИНОГО НАЦИОНАЛЬНОГО ЯЗЫКА КНР – ПУТУНХУА
[2026-05-30T06:39:38.490Z] OSHSU ARTICLE: ЦЕНТРАЛЬНАЯ АЗИЯ В ЕВРОПЕ: ФОРМИРОВАНИЕ, ДЕЯТЕЛЬНОСТЬ И СУДЬБА ТУРКЕСТАНСКОГО ЛЕГИОНА ВО ВТОРОЙ МИРОВОЙ ВОЙНЕ
[2026-05-30T06:39:38.492Z] OSHSU ARTICLE: ПОСЛОВИЦЫ, ПОГОВОРКИ И ПОВЕРЬЯ КЫРГЫЗОВ, СВЯЗАННЫЕ С КНУТОМ (КАМЧОЙ)
[2026-05-30T06:39:38.495Z] OSHSU ARTICLE: ЛИНГВИСТИЧЕСКОЕ ПРОСТРАНСТВО КИТАЯ КАК ВАЖНАЯ СОСТАВЛЯЮЩАЯ ЕДИНСТВА СТРАНЫ
[2026-05-30T06:39:38.498Z] OSHSU ARTICLE: ВОЕННО-ПОЛИТИЧЕСКОЕ СОТРУДНИЧЕСТВО В РАМКАХ ТАШКЕНТСКОГО СОГЛАШЕНИЯ В МЕЖДУНАРОДНО-ПОЛИТИЧЕСКОМ РАЗВИТИИ СТРАН ЦЕНТРАЛЬНОЙ АЗИИ
[2026-05-30T06:39:38.500Z] OSHSU ARTICLE: МУЗЫКАЛЬНОСТЬ КАК ТВОРЧЕСКИЙ СТИЛЬ ЧИНГИЗА АЙТМАТОВА
[2026-05-30T06:39:38.503Z] OSHSU ARTICLE: КОНКУРЕНЦИЯ МЕЖДУ КИТАЙСКИМИ И АНГЛИЙСКИМИ ЯЗЫКАМИ НА ДАЛЬНЕМ ВОСТОКЕ
[2026-05-30T06:39:38.505Z] OSHSU ARTICLE: СТРАНЫ ВОСТОКА, ГДЕ СВОБОДНО ГОВОРЯТ ПО-АНГЛИЙСКИ: РАСПРОСТРАНЕНИЕ, ПРИЧИНЫ И ПОСЛЕДСТВИЯ
[2026-05-30T06:39:38.509Z] OSHSU ARTICLE: ВЛИЯНИЕ РОДНОГО ЯЗЫКА НА ИЗУЧЕНИЕ ИНОСТРАННЫХ ЯЗЫКОВ
[2026-05-30T06:39:38.512Z] OSHSU ARTICLE: РОЛЬ КОРЕЙСКОГО ЯЗЫКА В СОЦИАЛЬНОЙ ИНТЕГРАЦИИ И МЕТОДЫ ИЗУЧЕНИЯ КОРЕЙСКОГО ЯЗЫКА
[2026-05-30T06:39:38.514Z] OSHSU ARTICLE: ЛИНГВОКУЛЬТУРОЛОГИЧЕСКИЙ АНАЛИЗ ПАРЕМИЙ ВОЕННО-ИСТОРИЧЕСКОГО СОДЕРЖАНИЯ В КЫРГЫЗСКОЙ И ВОСТОЧНОЙ ФОЛЬКЛОРНОЙ ТРАДИЦИИ
[2026-05-30T06:39:38.517Z] OSHSU ARTICLE: КЫРГЫЗСКО-КИТАЙСКОЕ СОТРУДНИЧЕСТВО В СФЕРЕ «ЗЕЛЕНЫХ» ИННОВАЦИЙ КАК ФАКТОР УСТОЙЧИВОГО РАЗВИТИЯ
[2026-05-30T06:39:38.519Z] OSHSU ARTICLE: АКТУАЛЬНОСТЬ ФИЛОЛОГИЧЕСКИХ И ЛИНГВИСТИЧЕСКИХ НАУК
[2026-05-30T06:39:38.522Z] OSHSU ARTICLE: ГЕОПОЛИТИЧЕСКАЯ СИТУАЦИЯ В СТРАНАХ ВОСТОКА И ЗАПАДА
[2026-05-30T06:39:38.525Z] OSHSU ARTICLE: ЕВРОПЕЙСКАЯ ШКОЛА ОРИЕНТАЛИСТОВ
[2026-05-30T06:39:38.528Z] OSHSU ARTICLE: АРАБИЗМЫ В КЫРГЫЗСКОМ ЯЗЫКЕ: ИСТОРИЯ, ИСПОЛЬЗОВАНИЕ И МЕСТО
[2026-05-30T06:39:38.530Z] OSHSU ARTICLE: МУСУЛЬМАНСКИЕ ТРАДИЦИИ И ПРАЗДНИКИ В КЫРГЫЗСКОМ НАРОДЕ
[2026-05-30T06:39:38.533Z] OSHSU ARTICLE: КЫРГЫЗСКО-ИРАНСКИЕ ДИПЛОМАТИЧЕСКИЕ ОТНОШЕНИЯ: ЭТАПЫ СТАНОВЛЕНИЯ И ПЕРСПЕКТИВЫ РАЗВИТИЯ
[2026-05-30T06:39:38.535Z] OSHSU ARTICLE: РЕГИОНАЛЬНЫЕ ОТРАСЛИ ВОСТОКОВЕДЕНИЯ: СТРУКТУРА И СПЕЦИФИКА НАУЧНОГО ИЗУЧЕНИЯ ВОСТОКА
[2026-05-30T06:39:38.537Z] OSHSU ARTICLE: ИСТОРИЯ ЭТНИЧЕСКИХ ОТНОШЕНИЙ И МИГРАЦИОННОГО ПРОЦЕССА В КЫРГЫЗСТАНЕ В НАЧАЛЬНЫЙ ПЕРИОД СОВЕТСКОЙ ВЛАСТИ (1920-40-Е ГГ.)
[2026-05-30T06:39:38.541Z] OSHSU ARTICLE: ИСТОРИЯ И СОВРЕМЕННОЕ СОСТОЯНИЕ ЯПОНО-КИТАЙСКИХ КОНФЛИКТОВ
[2026-05-30T06:39:38.543Z] OSHSU JOURNAL: Вестник Ошского государственного университета. История
[2026-05-30T06:39:39.123Z] OSHSU ARTICLE: ОТНОШЕНИЯ АДЖИ-БИЯ В СЕРЕДИНЕ XVIII ВЕКА С КОКАНДСКИМ ХАНСТВОМ И ДИНАСТИЕЙ ЦИН – НА ПРИМЕРЕ ЗАХВАТА ОША ИРДАНА-БЕКОМ
[2026-05-30T06:39:39.127Z] OSHSU ARTICLE: ИСТОРИЯ СТРОИТЕЛЬСТВА АВТОМОБИЛЬНЫХ ДОРОГ В КЫРГЫЗСТАНЕ В ПОСЛЕВОЕННЫЙ ПЕРИОД (1945-1960 ГГ.)
[2026-05-30T06:39:39.129Z] OSHSU ARTICLE: СТРАНЫ ЦЕНТРАЛЬНОЙ АЗИИ В ГОДЫ НЕЗАВИСИМОСТИ: РОЛЬ И ЗНАЧЕНИЕ НОВОГО УЗБЕКИСТАНА
[2026-05-30T06:39:39.132Z] OSHSU ARTICLE: ИЗ ИСТОРИИ ИЗУЧЕНИЯ УЧТЕПИНСКОГО АРХЕОЛОГИЧЕСКОГО ПАМЯТНИКА
[2026-05-30T06:39:39.134Z] OSHSU ARTICLE: КЫРГЫЗСКО-УЗБЕКСКИЕ ОТНОШЕНИЯ В КОНТЕКСТЕ АНКЛАВА СОХ: НОВЫЕ ВЫЗОВЫ И ПЕРСПЕКТИВЫ
[2026-05-30T06:39:39.136Z] OSHSU ARTICLE: АРХЕОЛОГИЧЕСКИЕ ПАМЯТНИКИ ЭПОХИ ВЕЛИКОГО ПЕРЕСЕЛЕНИЯ НАРОДОВ В ЮГО-ЗАПАДНОМ РЕГИОНЕ ФЕРГАНСКОЙ ДОЛИНЫ
[2026-05-30T06:39:39.139Z] OSHSU ARTICLE: ИСТОРИЯ СОЗДАНИЯ И РАЗВИТИЯ МОЛОДЕЖНОЙ ПОЛИТИКИ В ГОДЫ НЕЗАВИСИМОСТИ В КЫРГЫЗСКОЙ РЕСПУБЛИКЕ
[2026-05-30T06:39:39.142Z] OSHSU ARTICLE: ЛЕГЕНДАРНЫЙ АЙТМЕРЕК КУРБАШЫ ИЗ АЛАЙКУУ
[2026-05-30T06:39:39.144Z] OSHSU ARTICLE: ИСТОРИЯ РАЗВИТИЯ И ИНФОРМАЦИОННАЯ ПОЛИТИКИ ТЕЛЕВИЗИОННЫХ КАНАЛОВ В ГОРОДЕ ОШ (НА ПРИМЕРЕ «ПЯТОГО КАНАЛА»
[2026-05-30T06:39:39.147Z] OSHSU JOURNAL: Вестник Ошского государственного университета. Математика. Физика. Техника
[2026-05-30T06:39:39.723Z] OSHSU ARTICLE: Proving the correctness of the Collatz hypothesis
[2026-05-30T06:39:39.726Z] OSHSU ARTICLE: Задача сопряжения для уравнения составного и гиперболического типов четвертого порядка с двумя линиями изменения типа
[2026-05-30T06:39:39.729Z] OSHSU ARTICLE: Краевые задачи для уравнения смешанного типа 3-го порядка с переменными коэффициентами
[2026-05-30T06:39:39.731Z] OSHSU ARTICLE: Влияние малого возмущения на явление затягивания потери устойчи-вости
[2026-05-30T06:39:39.734Z] OSHSU ARTICLE: Нелинейная модель со свободной границей с переменными коэффициентами диффузии и адвекции для динамики популяции и загрязнителей в реках
[2026-05-30T06:39:39.736Z] OSHSU ARTICLE: Анализ и исследование солнечного отопления при проектировании жилых зданий
[2026-05-30T06:39:39.739Z] OSHSU ARTICLE: Разработка методики расчета тепловых потерь в элементах двухконтурных солнечных водонагревательных коллекторов
[2026-05-30T06:39:39.742Z] OSHSU JOURNAL: Вестник Ошского государственного университета. Химия. Биология. География
[2026-05-30T06:39:40.462Z] OSHSU ARTICLE: ИННОВАЦИОННЫЕ ПИТОМНИКИ В НОВЫХ УСЛОВИЯХ ВЫРАЩИВАНИЯ ПОСАДОЧНЫХ МАТЕРИАЛОВ
[2026-05-30T06:39:40.465Z] OSHSU ARTICLE: МЫШЕВИДНЫЕ ГРЫЗУНЫ ВЫСОКОГОРНОГО ВЫСОТНОГО ПОЯСА ЮЖНОГО КЫРГЫЗСТАНА
[2026-05-30T06:39:40.467Z] OSHSU ARTICLE: НАУЧНО-ИССЛЕДОВАТЕЛЬСКАЯ ДЕЯТЕЛЬНОСТЬ АКАДЕМИКА БЕКТЕМИРА МУРЗУБРАИМОВА: УСПЕШНЫЕ ИССЛЕДОВАНИЯ, ВОПЛОЩЕННЫЕ ИДЕИ, ВАЖНЫЕ УСПЕХИ
[2026-05-30T06:39:40.470Z] OSHSU ARTICLE: СЕРНОКИСЛОТНАЯ ПЕРЕРАБОТКА КАОЛИНА АНГРЕНСКОГО МЕСТОРОЖДЕНИЯ
[2026-05-30T06:39:40.472Z] OSHSU ARTICLE: КООРДИНИРОВАНИЕ СОЛЕЙ БИОМЕТАЛЛОВ С АЗОТО-, КИСЛОРОДО- И СЕРОСОДЕРЖАЩИМИ ОРГАНИЧЕСКИМИ ЛИГАНДАМИ
[2026-05-30T06:39:40.476Z] OSHSU ARTICLE: К ВОПРОСУ ГОСУДАРСТВЕННОЙ ПОДДЕРЖКИ  НАРОДНОГО РЕМЕСЛА
[2026-05-30T06:39:40.479Z] OSHSU ARTICLE: ОБЗОР НАУЧНОЙ ЛИТЕРАТУРЫ ПО НАРОДНЫМ РЕМЕСЛАМ: ОТРАСЛЕВЫЕ ВЗГЛЯДЫ
[2026-05-30T06:39:40.481Z] OSHSU ARTICLE: ПРИНЦИПЫ РАЦИОНАЛЬНОГО ПРИРОДОПОЛЬЗОВАНИЯ В МОСКОВСКОЙ ТЕРРИТОРИАЛЬНОЙ СХЕМЕ ОБРАЩЕНИЯ С ОТХОДАМИ
[2026-05-30T06:39:40.484Z] OSHSU ARTICLE: ВАЖНОСТЬ ОРГАНИЗАЦИИ ЭКСКУРСИОННЫХ ПОХОДОВ В ПОЗНАНИИ СВОЕГО КРАЯ
[2026-05-30T06:39:40.486Z] OSHSU ARTICLE: К ВОПРОСУ РАЗВИТИЯ ЛЕГКОЙ ПРОМЫШЛЕННОСТИ  В КЫРГЫЗСТАНЕ
[2026-05-30T06:39:40.488Z] OSHSU ARTICLE: ОБЗОР ЗАРУБЕЖНОЙ НАУЧНОЙ ЛИТЕРАТУРЫ  ПО ЛЕГКОЙ ПРОМЫШЛЕННОСТИ
[2026-05-30T06:39:40.491Z] OSHSU JOURNAL: Вестник Ошского государственного университета. Педагогика. Психология
[2026-05-30T06:39:41.177Z] OSHSU ARTICLE: МЕЖДУНАРОДНАЯ НАУЧНО-ПРАКТИЧЕСКАЯ КОНФЕРЕНЦИЯ «СОВРЕМЕННЫЕ ПОДХОДЫ И ТЕХНОЛОГИИ В МАТЕМАТИЧЕСКОМ ОБРАЗОВАНИИ» (12-13 СЕНТЯБРЯ 2025 г.)
[2026-05-30T06:39:41.180Z] OSHSU ARTICLE: МЕТОДИКА ИСПОЛЬЗОВАНИЯ ЖИЗНЕННЫХ ЗАДАЧ В СООТВЕТСТВИИ С ЦЕЛЯМИ УСТОЙЧИВОГО РАЗВИТИЯ В КУРСЕ МАТЕМАТИЧЕСКОГО АНАЛИЗА
[2026-05-30T06:39:41.183Z] OSHSU ARTICLE: ИСПОЛЬЗОВАНИЕ WOLFRAM В КАЧЕСТВЕ ЦИФРОВОГО ПОМОЩНИКА НА УРОКАХ МАТЕМАТИКИ: ПРЕИМУЩЕСТВА И ОГРАНИЧЕНИЯ
[2026-05-30T06:39:41.185Z] OSHSU ARTICLE: МЕТОДИКА АССЕССМЕНТ-ЦЕНТРА КАК ИНСТРУМЕНТ ОТБОРА ШКОЛЬНИКОВ ДЛЯ ИССЛЕДОВАТЕЛЬСКОЙ РАБОТЫ
[2026-05-30T06:39:41.188Z] OSHSU ARTICLE: ПРИМЕНЕНИЕ ДИФФЕРЕНЦИАЛЬНЫХ УРАВНЕНИЙ ПРИ ИЗУЧЕНИИ АЭРОГИДРОМЕХАНИКИ
[2026-05-30T06:39:41.191Z] OSHSU ARTICLE: ИЗУЧЕНИЕ ПОВЕРХНОСТЕЙ ВТОРОГО ПОРЯДКА С ИСПОЛЬЗОВАНИЕМ ИНФОРМАЦИОННЫХ ТЕХНОЛОГИЙ
[2026-05-30T06:39:41.194Z] OSHSU ARTICLE: РЕЗУЛЬТАТЫ ЭКСПЕРИМЕНТАЛЬНЫХ РАБОТ ПО ФОРМИРОВАНИЮ  РЕЗУЛЬТАТОВ ОБРАЗОВАНИЯ
[2026-05-30T06:39:41.197Z] OSHSU ARTICLE: ИНТЕГРАЦИЯ КЫРГЫЗСТАНА В МИРОВОЕ ОБРАЗОВАТЕЛЬНОЕ ПРОСТРАНСТВО  В РАМКАХ 12-ЛЕТНЕЙ СИСТЕМЫ ОБРАЗОВАНИЯ
[2026-05-30T06:39:41.200Z] OSHSU ARTICLE: ПЕДАГОГИЧЕСКИЕ ПОДХОДЫ К ПОДГОТОВКЕ УЧИТЕЛЕЙ В КОНТЕКСТЕ ЦИФРОВОЙ ТРАНСФОРМАЦИИ И ИСКУССТВЕННОГО ИНТЕЛЛЕКТА
[2026-05-30T06:39:41.202Z] OSHSU ARTICLE: ПРОСВЕЩЕНИЕ И ОБРАЗОВАНИЕ В ПСИХОЛОГИИ: ИНСТРУМЕНТЫ ПОВЫШЕНИЯ МЕНТАЛЬНОЙ ГРАМОТНОСТИ
[2026-05-30T06:39:41.205Z] OSHSU ARTICLE: СОВРЕМЕННЫЕ  ПОДХОДЫ  К  ВОСПИТАНИЮ  ПОДРОСТКОВ
[2026-05-30T06:39:41.210Z] OSHSU ARTICLE: ИСТОРИЯ СТАНОВЛЕНИЯ ПЕДАГОГИЧЕСКОГО МЕНЕДЖМЕНТА ЧЕРЕЗ УЧЕНИЯ СОВЕТСКИХ ПРОСВЕТИТЕЛЕЙ
[2026-05-30T06:39:41.213Z] OSHSU JOURNAL: Вестник Ошского государственного университета. Право
[2026-05-30T06:39:42.500Z] OSHSU ARTICLE: НРАВСТВЕННОЕ  ВОСПИТАНИЕ ОСУЖДЕННЫХ В ИСПРАВИТЕЛЬНЫХ УЧРЕЖДЕНИЯХ  КЫРГЫЗСКОЙ РЕСПУБЛИКИ- КАК МЕТОД ИСПРАВЛЕНИЯ И РЕСОЦИАЛИЗАЦИИ ОСУЖДЕННЫХ
[2026-05-30T06:39:42.503Z] OSHSU ARTICLE: ПРОФИЛАКТИКА ПОДРОСТКОВОЙ НАРКОМАНИИ  В ОБРАЗОВАТЕЛЬНОЙ СРЕДЕ:  ПРАВОВОЙ И ПЕДАГОГИЧЕСКИЙ ПОДХОД
[2026-05-30T06:39:42.506Z] OSHSU ARTICLE: ИСКУССТВЕННЫЙ ИНТЕЛЛЕКТ В СФЕРЕ НОТАРИАТА
[2026-05-30T06:39:42.508Z] OSHSU ARTICLE: ИДЕИ ЖАНА МОБИЛЬОНА И ДЖОН ГОВАРДА В СОЗДАНИЕ ПЕРВЫХ ПЕНИТЕНЦИАРНЫХ УЧРЕЖДЕНИЯХ ИСПОЛНЕНИЯ УГОЛОВНЫХ НАКАЗАНИЙ
[2026-05-30T06:39:42.511Z] OSHSU ARTICLE: АДМИНИСТРАТИВНОЕ НАКАЗАНИЕ КАК МЕРА ГОСУДАРСТВЕННОГО ПРИНУДИТЕЛЬНОГО ДЕЙСТВИЯ
[2026-05-30T06:39:42.513Z] OSHSU ARTICLE: МЕТОДОЛОГИЧЕСКИЕ ОСНОВЫ АНАЛИЗА ПРОБЛЕМЫ ЖЕСТОКОГО ОБРАЩЕНИЯ С ДЕТЬМИ В СОВРЕМЕННОЙ СЕМЬЕ
[2026-05-30T06:39:42.516Z] OSHSU ARTICLE: ОСОБЕННОСТИ ЗАКЛЮЧЕНИЯ ДОГОВОРА ЭНЕРГОСНАБЖЕНИЯ
[2026-05-30T06:39:42.519Z] OSHSU ARTICLE: ПЕРСПЕКТИВЫ И НАПРАВЛЕНИЯ РАЗВИТИЯ РЫНКА СТРАХОВАНИЯ ИМУЩЕСТВА В КР
[2026-05-30T06:39:42.521Z] OSHSU ARTICLE: ОСОБЕННОСТИ ПРАВОВОГО ПОЛОЖЕНИЯ ИНОСТРАННЫХ ГРАЖДАН
[2026-05-30T06:39:42.524Z] OSHSU ARTICLE: ПАТРИОТИЧЕСКОЕ ВОСПИТАНИЕ В ИСПРАВИТЕЛЬНЫХ УЧРЕЖДЕНИЯХ КЫРГЫЗСКОЙ РЕСПУБЛИКИ-КАК МЕТОД ИСПРАВЛЕНИЯ И РЕСОЦИАЛИЗАЦИИ ОСУЖДЕННЫХ, ОТБЫВАЮЩИХ НАКАЗАНИЯ
[2026-05-30T06:39:42.527Z] OSHSU ARTICLE: ПОНЯТИЕ УГОЛОВНО-ПРОЦЕССУАЛЬНОЙ ЮРИСДИКЦИИ
[2026-05-30T06:39:42.529Z] OSHSU ARTICLE: ВЛИЯНИЕ ЦИФРОВЫХ ТЕХНОЛОГИЙ НА СОВЕРШЕНИЕ НАСИЛЬСТВЕННЫХ ПРЕСТУПЛЕНИЙ В ОТНОШЕНИИ НЕСОВЕРШЕННОЛЕТНИХ
[2026-05-30T06:39:42.534Z] OSHSU ARTICLE: СОДЕРЖАТЕЛЬНЫЕ СТОРОНЫ ГОСУДАРСТВЕННОГО ПРИНУЖДЕНИЯ
[2026-05-30T06:39:42.536Z] OSHSU ARTICLE: ПОНЯТИЕ ГОСУДАРСТВЕННОГО ПРИНУЖДЕНИЯ
[2026-05-30T06:39:42.538Z] OSHSU ARTICLE: К ЮБИЛЕЮ ИЗВЕСТНОГО УЧЕНОГО-ПРАВОВЕДА ВИКТОРА НИКОЛАЕВИЧА ГРИГОРЬЕВА
[2026-05-30T06:39:42.542Z] OSHSU ARTICLE: ПРИНЦИПЫ УГОЛОВНОГО ЗАКОНОДАТЕЛЬСТВА КАК РУКОВОДЯЩИЕ НАЧАЛО УГОЛОВНОГО ЗАКОНА
[2026-05-30T06:39:42.544Z] OSHSU ARTICLE: ЗАЩИТА АВТОРСКОГО ПРАВА В КЫРГЫЗСТАНЕ
[2026-05-30T06:39:42.547Z] OSHSU ARTICLE: ПРАВО НА БЛАГОПРИЯТНУЮ ОКРУЖАЮЩУЮ СРЕДУ И СПОСОБЫ  ЕГО ЗАЩИТЫ  В КЫРГЫЗСКОЙ РЕСПУБЛИКЕ
[2026-05-30T06:39:42.549Z] OSHSU ARTICLE: ПРАВОВОЕ РЕГУЛИРОВАНИЕ БРАЧНЫХ ОТНОШЕНИЙ В МЕЖДУНАРОДНОМ ЧАСТНОМ ПРАВЕ
[2026-05-30T06:39:42.551Z] OSHSU ARTICLE: МЕЖДУНАРОДНОЕ СОТРУДНИЧЕСТВО КЫРГЫЗСКОЙ РЕСПУБЛИКИ В ОБЛАСТИ ОБЕСПЕЧЕНИЯ БЕЗОПАСНОСТИ ХВОСТОХРАНИЛИЩ
[2026-05-30T06:39:42.554Z] OSHSU ARTICLE: МЕЖДУНАРОДНО-ПРАВОВАЯ ЗАЩИТА ПРАВ МИГРАНТОВ КЫРГЫЗСКОЙ РЕСПУБЛИКИ
[2026-05-30T06:39:42.557Z] OSHSU ARTICLE: ЗЛОУПОТРЕБЛЕНИЕ ЗАКОНОМ В КОРПОРАТИВНЫХ ПРАВООТНОШЕНИЯХ
[2026-05-30T06:39:42.559Z] OSHSU ARTICLE: ПРОБЛЕМЫ ЛЕГИТИМНОСТИ ЧЛЕНОВ КООРДИНАЦИОННОГО СОВЕТА НАЦИОНАЛЬНОГО ЦЕНТРА КЫРГЫЗСКОЙ РЕСПУБЛИКИ ПО ПРЕДУПРЕЖДЕНИЮ ПЫТОК
[2026-05-30T06:39:42.562Z] OSHSU ARTICLE: АКТУАЛЬНЫЕ ВОПРОСЫ ПРИМЕНЕНИЯ ИСКУССТВЕННОГО ИНТЕЛЛЕКТА В СУДЕБНОМ ПРОЦЕССЕ: ТЕОРИЯ И ПРАКТИКА
[2026-05-30T06:39:42.565Z] OSHSU ARTICLE: ВОПРОСЫ КАСАЮЩИЕСЯ СЕМЕЙНО-БЫТОВОГО НАСИЛИЯ В ОТНОШЕНИИ ЖЕНЩИН И ДЕТЕЙ
[2026-05-30T06:39:42.567Z] OSHSU ARTICLE: ТЕОРЕТИЧЕСКИЕ АСПЕКТЫ БОРЬБЫ С КИБЕРПРЕСТУПНОСТЬЮ С ИСПОЛЬЗОВАНИЕМ ИСКУССТВЕННОГО ИНТЕЛЛЕКТА
[2026-05-30T06:39:42.569Z] OSHSU ARTICLE: ПОНЯТИЕ ПРАВОСУДИЯ И ЕГО ФУНКЦИИ В СИСТЕМЕ РАЗДЕЛЕНИЯ ВЛАСТЕЙ
[2026-05-30T06:39:42.571Z] OSHSU ARTICLE: ПРИНЦИПЫ УГОЛОВНОГО ПРАВА
[2026-05-30T06:39:42.574Z] OSHSU ARTICLE: ПОНЯТИЕ АВТОРСКОГО ПРАВА В СИСТЕМЕ ИНТЕЛЛЕКТУАЛЬНОЙ СОБСТВЕННОСТИ
[2026-05-30T06:39:42.577Z] OSHSU ARTICLE: ПРОБЛЕМЫ ГЕНДЕРНОГО НАСИЛИЯ В КЫРГЫЗСКОЙ РЕСПУБЛИКЕ
[2026-05-30T06:39:42.579Z] OSHSU JOURNAL: Вестник Ошского государственного университета. Филология
[2026-05-30T06:39:43.183Z] OSHSU ARTICLE: ИССЛЕДОВАНИЕ БАШКИРСКОГО УЧЕНОГО АБДУЛКАДИРА ИНАНА ПО «ЭПОСУ МАНАС» В ТУРЦИИ
[2026-05-30T06:39:43.185Z] OSHSU ARTICLE: НАРОДНАЯ ЭТНОГРАФИЯ: ПРЕИМУЩЕСТВА И НЕДОСТАТКИ
[2026-05-30T06:39:43.187Z] OSHSU ARTICLE: РОЛЬ СИНОНИМИИ В ИЗУЧЕНИИ АНГЛИЙСКОГО ЯЗЫКА КАК ВТОРОГО
[2026-05-30T06:39:43.190Z] OSHSU ARTICLE: ИМПЛИЦИТНОЕ ВЫРАЖЕНИЕ ОБРАЗА ЖЕНЩИНЫ В ПОСЛОВИЦАХ И ПОГОВОРКАХ РУССКОГО И КЫРГЫЗСКОГО ЯЗЫКОВ
[2026-05-30T06:39:43.193Z] OSHSU ARTICLE: ОСОБЕННОСТИ ИСПОЛЬЗОВАНИЕ СИНОНИМОВ В КЫРГЫЗКОМ, РУССКОМ И АНГЛИЙСКОМ ЯЗЫКАХ
[2026-05-30T06:39:43.195Z] OSHSU ARTICLE: ПЕРСОНАЖИ-«ЧУЖАКИ» В ПРОИЗВЕДЕНИЯХ ЧИНГИЗА АЙТМАТОВА
[2026-05-30T06:39:43.197Z] OSHSU ARTICLE: ТИТУЛ “АТА” В ТЮРКСКОЙ ТИТУЛАТУРЕ
[2026-05-30T06:39:43.199Z] OSHSU ARTICLE: НАЗВАНИЯ ПЛЕМЕН КАРЛУКОВ
[2026-05-30T06:39:43.202Z] OSHSU JOURNAL: Вестник Ошского государственного университета. Экономика
[2026-05-30T06:39:44.228Z] OSHSU ARTICLE: ЦИФРОВАЯ ГРАМОТНОСТЬ НАСЕЛЕНИЯ И КАДРОВЫЙ ПОТЕНЦИАЛ В УСЛОВИЯХ ЦИФРОВОЙ ТРАНСФОРМАЦИИ ЭКОНОМИКИ КЫРГЫЗСТАНА
[2026-05-30T06:39:44.230Z] OSHSU ARTICLE: СТРАТЕГИЧЕСКОЕ ПЛАНИРОВАНИЕ КАК ФАКТОР ОБЕСПЕЧЕНИЯ УСТОЙЧИВОГО РАЗВИТИЯ РЕГИОНОВ (на примере Узгенского района)
[2026-05-30T06:39:44.233Z] OSHSU ARTICLE: УМНОЕ ФЕРМЕРСТВО: ПЕРСПЕКТИВЫ, ТЕХНОЛОГИИ И ВЫЗОВЫ РАЗВИТИЯ
[2026-05-30T06:39:44.235Z] OSHSU ARTICLE: ПЕРСПЕКТИВЫ РЕАЛИЗАЦИИ ПРИНЦИПОВ PRB и ESG-ПРОДУКТОВ  В ДЕЯТЕЛЬНОСТИ КОММЕРЧЕСКИХ БАНКОВ КЫРГЫЗСТАНА
[2026-05-30T06:39:44.237Z] OSHSU ARTICLE: ВЛИЯНИЕ ТРУДОВОЙ МИГРАЦИИ НА КАЧЕСТВО ТРУДОВОЙ ЖИЗНИ СЕЛЬСКОГО НАСЕЛЕНИЯ ЮЖНЫХ РЕГИОНОВ КЫРГЫЗСКОЙ РЕСПУБЛИКИ
[2026-05-30T06:39:44.240Z] OSHSU ARTICLE: ВЛИЯНИЕ АНТИРОССИЙСКИХ САНКЦИЙ НА ТОРГОВЛЮ МЕЖДУ РОССИЕЙ И КЫРГЫЗСТАНОМ (2022–2024 ГГ.)
[2026-05-30T06:39:44.244Z] OSHSU ARTICLE: УСПЕШНОЕ РАЗВИТИЕ ПРЕДПРИНИМАТЕЛЬСТВА В РЕГИОНАХ КЫРГЫЗСТАНА: УГРОЗЫ И ВЫЗОВЫ СО СТОРОНЫ ТЕНЕВОЙ ЭКОНОМИКИ
[2026-05-30T06:39:44.246Z] OSHSU ARTICLE: ИНФРАСТРУКТУРА ПРОДОВОЛЬСТВЕННОГО РЫНКА КЫРГЫЗСКОЙ РЕСПУБЛИКИ: СОСТОЯНИЕ, ПРОБЛЕМЫ И ПЕРСПЕКТИВЫ
[2026-05-30T06:39:44.248Z] OSHSU ARTICLE: ЭФФЕКТИВНОЕ РАЗВИТИЕ ИНФРАСТРУКТУРЫ ПРОДОВОЛЬСТВЕННОГО РЫНКА КЫРГЫЗСКОЙ РЕСПУБЛИКИ В УСЛОВИЯХ ЭКОНОМИЧЕСКОЙ ИНТЕГРАЦИИ
[2026-05-30T06:39:44.250Z] OSHSU ARTICLE: ГОСУДАРСТВЕННЫЙ СУВЕРЕНИТЕТ И ОБРАЗОВАТЕЛЬНАЯ ИСКЛЮЧЁННОСТЬ ДЕТЕЙ-БЕЖЕНЦЕВ РОХИНДЖА В БАНГЛАДЕШ
[2026-05-30T06:39:44.252Z] OSHSU ARTICLE: СОВРЕМЕННЫЕ ТЕНДЕНЦИИ И СТРУКТУРА ЭКСПОРТА УЗГЕНСКОГО РИСА: РЕГИОНАЛЬНЫЕ ОСОБЕННОСТИ И РОЛЬ В ЭКОНОМИЧЕСКОЙ ДИВЕРСИФИКАЦИИ АГРАРНОГО СЕКТОРА КЫРГЫЗСКОЙ РЕСПУБЛИКИ
[2026-05-30T06:39:44.254Z] OSHSU ARTICLE: ЛИЗИНГ КАК ИНСТРУМЕНТ ИНВЕСТИЦИОННОЙ ПОЛИТИКИ В КЫРГЫЗСКОЙ РЕСПУБЛИКЕ: НАЛОГОВОЕ РЕГУЛИРОВАНИЕ, ПРОБЛЕМЫ И ПЕРСПЕКТИВЫ
[2026-05-30T06:39:44.257Z] OSHSU ARTICLE: ПРОБЛЕМЫ АНАЛИЗА ВЛИЯНИЯ КОЛИЧЕСТВЕННОЙ ОЦЕНКИ НА АРЕНДУ И АРЕНДНЫЕ АКТИВЫ
[2026-05-30T06:39:44.259Z] OSHSU ARTICLE: ОПРЕДЕЛЕНИЕ ПРИОРИТЕНЫХ НАПРАВЛЕНИЙ РАЗВИТИЯ СЕЛЬСКОГО ХОЗЯЙСТВА В КОНТЕКСТЕ КЛАСТЕРНОГО УПРАВЛЕНИЯ
[2026-05-30T06:39:44.262Z] OSHSU ARTICLE: ИСКУССТВЕННЫЙ ИНТЕЛЛЕКТ В АУДИТЕ: МЕЖДУ ПРОРЫВОМ И РИСКАМИ
[2026-05-30T06:39:44.265Z] OSHSU ARTICLE: ПРОБЛЕМЫ НАЛОГООБЛОЖЕНИЯ КОММЕРЧЕСКИХ БАНКОВ В КЫРГЫЗСТАНЕ И НЕКОТОРЫЕ ВГЛЯДЫ НА ИХ РЕШЕНИЕ
[2026-05-30T06:39:44.267Z] OSHSU ARTICLE: МЕТОДИЧЕСКИЕ ПОДХОДЫ К УЧЕТУ ЗАТРАТ НА ДОБЫЧУ УГЛЯ В КОНТЕКСТЕ ВНЕДРЕНИЯ СТАНДАРТОВ УСТОЙЧИВОГО РАЗВИТИЯ
[2026-05-30T06:39:44.270Z] OSHSU JOURNAL: Вестник Ошского государственного университета. Философия. Социология. Политология
[2026-05-30T06:39:45.605Z] OSHSU ARTICLE: О НЕЙТРАЛИЗАЦИИ ДЕСТРУКТИВНЫХ ИДЕОЛОГИЙ: ПРЕЗЕНТАЦИЯ ИДЕЙ
[2026-05-30T06:39:45.609Z] OSHSU ARTICLE: РАЗВИТИЕ ГУМАНИТАРНОЙ ДИПЛОМАТИИ В ЦЕНТРАЛЬНОЙ АЗИИ: ОПЫТ И ПРАКТИКИ МЕЖДУНАРОДНОГО ДВИЖЕНИЯ КРАСНОГО КРЕСТА И КРАСНОГО ПОЛУМЕСЯЦА
[2026-05-30T06:39:45.612Z] OSHSU ARTICLE: АНАЛИЗ ПОТЕНЦИАЛА ШОС В СИСТЕМЕ ГЛОБАЛЬНОГО УПРАВЛЕНИЯ
[2026-05-30T06:39:45.614Z] OSHSU ARTICLE: ВЛИЯНИЕ ГЛОБАЛИЗАЦИИ НА КУЛЬТУРУ КЫРГЫЗСТАНА И ЦЕННОСТИ МОЛОДЕЖИ: МЕЖДУНАРОДНЫЕ АСПЕКТЫ
[2026-05-30T06:39:45.617Z] OSHSU ARTICLE: СОТРУДНИЧЕСТВО СТРАН СНГ В ПРОТИВОДЕЙСТВИИ ТЕРРОРИЗМУ
[2026-05-30T06:39:45.619Z] OSHSU ARTICLE: СОВРЕМЕННАЯ ВНЕШНЕПОЛИТИЧЕСКАЯ СТРАТЕГИЯ СИ ЦЗИНЬПИНА
[2026-05-30T06:39:45.622Z] OSHSU ARTICLE: СТРАТЕГИЯ ЕВРОПЕЙСКОГО СОЮЗА «ГЛОБАЛЬНЫЙ ПОРТАЛ» КАК ИНСТРУМЕНТ ЭКОНОМИЧЕСКОЙ ДИПЛОМАТИИ И УСТОЙЧИВОГО РАЗВИТИЯ В ЦЕНТРАЛЬНОЙ АЗИИ
[2026-05-30T06:39:45.625Z] OSHSU ARTICLE: ИСТОРИКО-КУЛЬТУРНОЕ ВЗАИМОДЕЙСТВИЕ КЫРГЫЗСТАНА И ФРАНЦИИ ЧЕРЕЗ ПРИЗМУ ДИПЛОМАТИЧЕСКИХ ОТНОШЕНИЙ
[2026-05-30T06:39:45.629Z] OSHSU ARTICLE: КОРПОРАТИВНАЯ ОТВЕТСТВЕННОСТЬ КАК ИНСТРУМЕНТ ЗАЩИТЫ ПРАВ ИНВЕСТОРОВ В КЫРГЫЗСТАНЕ
[2026-05-30T06:39:45.632Z] OSHSU ARTICLE: СУБЪЕКТЫ И КЛАССИФИКАЦИЯ КОРПОРАТИВНОЙ ОТВЕТСТВЕННОСТИ В СОВРЕМЕННОМ ПРАВЕ
[2026-05-30T06:39:45.634Z] OSHSU ARTICLE: К ВОПРОСУ О ПРАВОВОЙ АДАПТАЦИИ КОРПОРАТИВНЫХ ОБРАЗОВАНИЙ В СОВРЕМЕННЫХ УСЛОВИЯХ КР (НА ПРИМЕРЕ ОАО «НАЦИОНАЛЬНАЯ ЭЛЕКТРИЧЕСКАЯ СЕТЬ КЫРГЫЗСТАНА»)
[2026-05-30T06:39:45.636Z] OSHSU ARTICLE: К ВОПРОСУ О ПРАВОВОЙ ЗАЩИТЕ ДЕТЕЙ В КЫРГЫЗСТАНЕ НА СОВРЕМЕННОМ ЭТАПЕ
[2026-05-30T06:39:45.639Z] OSHSU ARTICLE: ОБЕСПЕЧЕНИЕ ГЕНДЕРНОГО РАВЕНСТВА – ПРИОРИТЕТНОЕ НАПРАВЛЕНИЕ СТРАТЕГИИ НОВОГО УЗБЕКИСТАНА
[2026-05-30T06:39:45.641Z] OSHSU ARTICLE: ТЮРКСКИЕ ТРАДИЦИИ КОНЕВОДСТВА И КАВАЛЕРИИ НА СТЫКЕ ЦИВИЛИЗАЦИИ И ЭПОХ
[2026-05-30T06:39:45.644Z] OSHSU ARTICLE: ЖЕНЩИНЫ И СОЦИАЛЬНАЯ ЗАЩИТА В РЕГИОНАХ  КЫРГЫЗСТАНА
[2026-05-30T06:39:45.647Z] OSHSU ARTICLE: ЗАГРЯЗНЕНИЕ ВОЗДУХА ОТ ВЫБРОСОВ ТРАНСПОРТА И СОЦИАЛЬНАЯ УЯЗВИМОСТЬ ЛЮДЕЙ С ИНВАЛИДНОСТЬЮ В ГОРОДЕ ОШ
[2026-05-30T06:39:45.649Z] OSHSU ARTICLE: ОБРАЗОВАТЕЛЬНЫЕ БАРЬЕРЫ ДЛЯ СТУДЕНТОВ С ИНВАЛИДНОСТЬЮ
[2026-05-30T06:39:45.652Z] OSHSU ARTICLE: ФОРМИРОВАНИЕ КЫРГЫЗСКОЙ ТРАДИЦИОННОЙ МУЗЫКАЛЬНОЙ КУЛЬТУРЫ
[2026-05-30T06:39:45.654Z] OSHSU ARTICLE: ИЗУЧЕНИЕ ТРАДИЦИОННОГО МУЗЫКАЛЬНОГО ТВОРЧЕСТВА КҮҮ И ЕГО МЕСТА В НАЦИОНАЛЬНОЙ КУЛЬТУРЕ
[2026-05-30T06:39:45.657Z] OSHSU ARTICLE: СМЫСЛ И ИСТОРИЯ РАЗВИТИЯ КОНЦЕПЦИИ ОРКЕСТРА
[2026-05-30T06:39:45.659Z] OSHSU ARTICLE: РАЗВИТИЕ ОРКЕСТРОВОГО ЖАНРА В РОССИИ И В СОВЕТСКИЙ ПЕРИОД
[2026-05-30T06:39:45.662Z] OSHSU ARTICLE: РАЗВИТИЕ МУЗЫКАЛЬНОГО ВОСПРИЯТИЯ У ДОШКОЛЬНИКОВ
[2026-05-30T06:39:45.664Z] OSHSU ARTICLE: ФОРМИРОВАНИЕ ЭСТЕТИЧЕСКОГО ВКУСА В СОВРЕМЕННОЙ СОЦИОКУЛЬТУРНОЙ СИТУАЦИИ
[2026-05-30T06:39:45.667Z] OSHSU ARTICLE: РОЛЬ ИСКУССТВА В ПРОЦЕССЕ СОЦИАЛИЗАЦИИ ЧЕЛОВЕКА
[2026-05-30T06:39:45.669Z] OSHSU ARTICLE: РОЛЬ МУЗЫКИ В ЖИЗНИ ЧЕЛОВЕКА В ЭПОХУ ГЛОБАЛИЗАЦИИ
[2026-05-30T06:39:45.671Z] OSHSU ARTICLE: ТВОРЧЕСКИЙ ПУТЬ КЫРГЫЗСКОГО КОМПОЗИТОРА АСКАРА ТУЛЕЕВА
[2026-05-30T06:39:45.674Z] OSHSU ARTICLE: ИНТУИЦИЯ В ПРОЦЕССЕ ПОЗНАНИЯ
[2026-05-30T06:39:45.677Z] OSHSU ARTICLE: ПРОБЛЕМЫ РЕАЛИЗАЦИИ ГОСУДАРТСВЕННОЙ ПОЛИТИКИ В СФЕРЕ ВЫСШЕГО ОБРАЗОВАНИЯ (ФИЛОСОФСКИЙ АНАЛИЗ)
[2026-05-30T06:39:45.679Z] OSHSU JOURNAL: Вестник Ошского государственного университета. Медицина
[2026-05-30T06:39:46.339Z] OSHSU ARTICLE: РИСКИ ДЛЯ ОКРУЖАЮЩЕЙ СРЕДЫ И ЗДОРОВЬЯ, СВЯЗАННЫЕ С ИСПОЛЬЗОВАНИЕМ ПЕСТИЦИДОВ В КЫРГЫЗСТАНЕ
[2026-05-30T06:39:46.342Z] OSHSU ARTICLE: ДЕПРЕССИЯ И НАРУШЕНИЯ ПСИХИЧЕСКОГО ЗДОРОВЬЯ У СТУДЕНТОВ-МЕДИКОВ
[2026-05-30T06:39:46.344Z] OSHSU ARTICLE: ВЛИЯНИЕ ПРИВЫЧЕК И ПРОДОЛЖИТЕЛЬНОСТИ СНА НА УСПЕВАЕМОСТЬ И АДАПТАЦИЮ
[2026-05-30T06:39:46.347Z] OSHSU ARTICLE: ИСПОЛЬЗОВАНИЕ ИНФОРМАЦИОННЫХ ТЕХНОЛОГИЙ В ПРЕПОДАВАНИИ ДИСЦИПЛИНЫ “БИОХИМИЯ” СТУДЕНТАМ МЕЖДУНАРОДНОГО МЕДИЦИНСКОГО ФАКУЛЬТЕТА ОШГУ
[2026-05-30T06:39:46.349Z] OSHSU ARTICLE: ПРИМЕНЕНИЕ ЛЕКАРСТВЕННЫХ РАСТЕНИЙ ПРИ ОТРАВЛЕНИЯХ В РЕЗУЛЬТАТЕ НЕПРЕРЫВНОЙ РАБОТЫ ЗА КОМПЬЮТЕРОМ
[2026-05-30T06:39:46.351Z] OSHSU ARTICLE: БРОНХИАЛЬНАЯ АСТМА У ДЕТЕЙ: ПРИЗЫВ К ДЕЙСТВИЯМ В РАЗВИВАЮЩИХСЯ СТРАНАХ
[2026-05-30T06:39:46.354Z] OSHSU ARTICLE: ЭКСПРЕСС-МЕТОД ОПРЕДЕЛЕНИЯ БИОЛОГИЧЕСКОГО ВОЗРАСТА ЧЕЛОВЕКА
[2026-05-30T06:39:46.357Z] OSHSU JOURNAL: Journal of Osh State University. Differential Equations
[2026-05-30T06:39:46.985Z] OSHSU ARTICLE: Inverse Problem for a Nonlinear Pseudiparabolic Differential Equation with Final Condition and Gerasimov–Caputo Operator
[2026-05-30T06:39:46.987Z] OSHSU ARTICLE: Boundary Value Problem for a System of Fredholm Integro-Differential Equations with Maxima
[2026-05-30T06:39:46.991Z] OSHSU ARTICLE: Mathematical Modeling of a Reaction-Diffusion System with a Free Boundary
[2026-05-30T06:39:46.994Z] OSHSU ARTICLE: Boundary Value Problem for a Seventh Order Nonhomogeneous Partial Differential Equation
[2026-05-30T06:39:46.996Z] OSHSU ARTICLE: Nonlinear Fractional-Differential-Integral Equation with Product of Two Nonlinear Functions, Degeneration and Maxima
[2026-05-30T06:39:46.999Z] OSHSU ARTICLE: Optimal Control Problem for an Impulsive Systems of FunctionalDifferential Equations with a Nonlinear Function under the Sign of a First-Order Differential
[2026-05-30T06:39:47.001Z] OSHSU ARTICLE: Density-Type Properties of the Space of the Solutions of an Ordinary Differential Equation
[2026-05-30T06:39:47.003Z] OSHSU ARTICLE: A Boundary Value Problem with the Generalized M. Saigo Operator for a Mixed-Type Equation with the Hilfer Fractional Derivative
[2026-05-30T06:39:47.007Z] OSHSU ARTICLE: Boundary Value Problems with Mixed Dirichlet and Neumann Conditions for Three-Dimensional Degenerate Elliptic Equation
[2026-05-30T06:39:47.009Z] OSHSU ARTICLE: On G. E. Hutchinson Population Model for Fractional Differential Equations with Maxima
[2026-05-30T06:39:47.012Z] OSHSU JOURNAL: Научный журнал Арашанского гуманитарного института
[2026-05-30T06:39:47.195Z] OSHSU issue error: Request failed with status code 500
[2026-05-30T06:39:47.197Z] OSHSU JOURNAL: English
[2026-05-30T06:39:47.931Z] OSHSU JOURNAL: Türkçe
[2026-05-30T06:39:48.590Z] OSHSU JOURNAL: Кыргызча
[2026-05-30T06:39:49.222Z] OSHSU JOURNAL: Русский
[2026-05-30T06:39:49.921Z] DONE: {"journals":35,"articles":228}
[2026-05-30T06:45:21.076Z] CRAWL START
[2026-05-30T06:45:21.078Z] START VAK
[2026-05-30T06:45:22.979Z] VAK JOURNAL: Edition № 3 (2023)
[2026-05-30T06:45:23.811Z] VAK ARTICLE: Edition № 3 (2023)
[2026-05-30T06:45:23.814Z] VAK JOURNAL: Edition № 2 (2023)
[2026-05-30T06:45:24.663Z] VAK ARTICLE: Edition № 2 (2023)
[2026-05-30T06:45:24.668Z] VAK JOURNAL: Edition № 1 (2023)
[2026-05-30T06:45:25.445Z] VAK ARTICLE: Edition № 1 (2023)
[2026-05-30T06:45:25.448Z] VAK JOURNAL: Выпуск № 4, 2025 год
[2026-05-30T06:45:26.180Z] VAK ARTICLE: Выпуск № 4, 2025 год
[2026-05-30T06:45:26.185Z] VAK JOURNAL: Выпуск № 3, 2025 год
[2026-05-30T06:45:27.023Z] VAK ARTICLE: Выпуск № 3, 2025 год
[2026-05-30T06:45:27.026Z] VAK JOURNAL: Выпуск № 2, 2025 год
[2026-05-30T06:45:27.808Z] VAK ARTICLE: Выпуск № 2, 2025 год
[2026-05-30T06:45:27.812Z] VAK JOURNAL: Выпуск № 1, 2025 год
[2026-05-30T06:45:28.609Z] VAK ARTICLE: Выпуск № 1, 2025 год
[2026-05-30T06:45:28.612Z] VAK JOURNAL: Выпуск №4, 2024 год
[2026-05-30T06:45:29.414Z] VAK ARTICLE: Выпуск №4, 2024 год
[2026-05-30T06:45:29.418Z] VAK JOURNAL: Выпуск №3, 2024 год
[2026-05-30T06:45:30.163Z] VAK ARTICLE: Выпуск №3, 2024 год
[2026-05-30T06:45:30.167Z] VAK JOURNAL: Выпуск №2, 2024 год
[2026-05-30T06:45:31.033Z] VAK ARTICLE: Выпуск №2, 2024 год
[2026-05-30T06:45:31.036Z] VAK JOURNAL: Выпуск №1, 2024 год
[2026-05-30T06:45:31.884Z] VAK ARTICLE: Выпуск №1, 2024 год
[2026-05-30T06:45:31.888Z] VAK JOURNAL: Выпуск № 4, 2023 год
[2026-05-30T06:45:32.681Z] VAK ARTICLE: Выпуск № 4, 2023 год
[2026-05-30T06:45:32.684Z] VAK JOURNAL: Выпуск №3, 2023 год
[2026-05-30T06:45:33.468Z] VAK ARTICLE: Выпуск №3, 2023 год
[2026-05-30T06:45:33.469Z] START OSHSU
[2026-05-30T06:45:34.108Z] DONE: {"journals":13,"articles":13}
[2026-05-30T06:49:40.201Z] CRAWL START
[2026-05-30T06:49:40.204Z] START VAK
[2026-05-30T06:49:42.350Z] VAK JOURNAL: Edition № 3 (2023)
[2026-05-30T06:49:43.132Z] VAK ARTICLE: Edition № 3 (2023)
[2026-05-30T06:49:43.135Z] VAK JOURNAL: Edition № 2 (2023)
[2026-05-30T06:49:43.971Z] VAK ARTICLE: Edition № 2 (2023)
[2026-05-30T06:49:43.974Z] VAK JOURNAL: Edition № 1 (2023)
[2026-05-30T06:49:44.797Z] VAK ARTICLE: Edition № 1 (2023)
[2026-05-30T06:49:44.800Z] VAK JOURNAL: Выпуск № 4, 2025 год
[2026-05-30T06:49:45.603Z] VAK ARTICLE: Выпуск № 4, 2025 год
[2026-05-30T06:49:45.606Z] VAK JOURNAL: Выпуск № 3, 2025 год
[2026-05-30T06:49:46.445Z] VAK ARTICLE: Выпуск № 3, 2025 год
[2026-05-30T06:49:46.447Z] VAK JOURNAL: Выпуск № 2, 2025 год
[2026-05-30T06:49:47.192Z] VAK ARTICLE: Выпуск № 2, 2025 год
[2026-05-30T06:49:47.194Z] VAK JOURNAL: Выпуск № 1, 2025 год
[2026-05-30T06:49:48.057Z] VAK ARTICLE: Выпуск № 1, 2025 год
[2026-05-30T06:49:48.059Z] VAK JOURNAL: Выпуск №4, 2024 год
[2026-05-30T06:49:48.850Z] VAK ARTICLE: Выпуск №4, 2024 год
[2026-05-30T06:49:48.852Z] VAK JOURNAL: Выпуск №3, 2024 год
[2026-05-30T06:49:49.666Z] VAK ARTICLE: Выпуск №3, 2024 год
[2026-05-30T06:49:49.668Z] VAK JOURNAL: Выпуск №2, 2024 год
[2026-05-30T06:49:50.493Z] VAK ARTICLE: Выпуск №2, 2024 год
[2026-05-30T06:49:50.496Z] VAK JOURNAL: Выпуск №1, 2024 год
[2026-05-30T06:49:51.395Z] VAK ARTICLE: Выпуск №1, 2024 год
[2026-05-30T06:49:51.397Z] VAK JOURNAL: Выпуск № 4, 2023 год
[2026-05-30T06:49:52.143Z] VAK ARTICLE: Выпуск № 4, 2023 год
[2026-05-30T06:49:52.145Z] VAK JOURNAL: Выпуск №3, 2023 год
[2026-05-30T06:49:52.767Z] VAK ARTICLE: Выпуск №3, 2023 год
[2026-05-30T06:49:52.768Z] START OSHSU
[2026-05-30T06:49:53.404Z] DONE: {"journals":13,"articles":13}
[2026-05-30T06:51:23.170Z] CRAWL START
[2026-05-30T06:51:23.173Z] START VAK
[2026-05-30T06:51:25.195Z] VAK JOURNAL: Edition № 3 (2023)
[2026-05-30T06:51:26.281Z] VAK ARTICLE: Edition № 3 (2023)
[2026-05-30T06:51:26.283Z] VAK JOURNAL: Edition № 2 (2023)
[2026-05-30T06:51:27.355Z] VAK ARTICLE: Edition № 2 (2023)
[2026-05-30T06:51:27.358Z] VAK JOURNAL: Edition № 1 (2023)
[2026-05-30T06:51:28.556Z] VAK ARTICLE: Edition № 1 (2023)
[2026-05-30T06:51:28.558Z] VAK JOURNAL: Выпуск № 4, 2025 год
[2026-05-30T06:51:29.938Z] VAK ARTICLE: Выпуск № 4, 2025 год
[2026-05-30T06:51:29.940Z] VAK JOURNAL: Выпуск № 3, 2025 год
[2026-05-30T06:51:30.743Z] VAK ARTICLE: Выпуск № 3, 2025 год
[2026-05-30T06:51:30.744Z] VAK JOURNAL: Выпуск № 2, 2025 год
[2026-05-30T06:51:31.787Z] VAK ARTICLE: Выпуск № 2, 2025 год
[2026-05-30T06:51:31.790Z] VAK JOURNAL: Выпуск № 1, 2025 год
[2026-05-30T06:51:32.933Z] VAK ARTICLE: Выпуск № 1, 2025 год
[2026-05-30T06:51:32.935Z] VAK JOURNAL: Выпуск №4, 2024 год
[2026-05-30T06:51:34.102Z] VAK ARTICLE: Выпуск №4, 2024 год
[2026-05-30T06:51:34.104Z] VAK JOURNAL: Выпуск №3, 2024 год
[2026-05-30T06:51:35.318Z] VAK ARTICLE: Выпуск №3, 2024 год
[2026-05-30T06:51:35.320Z] VAK JOURNAL: Выпуск №2, 2024 год
[2026-05-30T06:51:36.514Z] VAK ARTICLE: Выпуск №2, 2024 год
[2026-05-30T06:51:36.517Z] VAK JOURNAL: Выпуск №1, 2024 год
[2026-05-30T06:51:37.716Z] VAK ARTICLE: Выпуск №1, 2024 год
[2026-05-30T06:51:37.718Z] VAK JOURNAL: Выпуск № 4, 2023 год
[2026-05-30T06:51:38.913Z] VAK ARTICLE: Выпуск № 4, 2023 год
[2026-05-30T06:51:38.915Z] VAK JOURNAL: Выпуск №3, 2023 год
[2026-05-30T06:51:39.984Z] VAK ARTICLE: Выпуск №3, 2023 год
[2026-05-30T06:51:39.985Z] START OSHSU
[2026-05-30T06:51:40.706Z] DONE: {"journals":13,"articles":13}
[2026-05-30T06:51:57.933Z] CRAWL START
[2026-05-30T06:51:57.935Z] START VAK
[2026-05-30T06:52:08.099Z] VAK JOURNAL: Edition № 3 (2023)
[2026-05-30T06:52:09.254Z] VAK ARTICLE: Edition № 3 (2023)
[2026-05-30T06:52:09.257Z] VAK JOURNAL: Edition № 2 (2023)
[2026-05-30T06:52:10.432Z] VAK ARTICLE: Edition № 2 (2023)
[2026-05-30T06:52:10.435Z] VAK JOURNAL: Edition № 1 (2023)
[2026-05-30T06:52:11.638Z] VAK ARTICLE: Edition № 1 (2023)
[2026-05-30T06:52:11.641Z] VAK JOURNAL: Выпуск № 4, 2025 год
[2026-05-30T06:52:12.827Z] VAK ARTICLE: Выпуск № 4, 2025 год
[2026-05-30T06:52:12.831Z] VAK JOURNAL: Выпуск № 3, 2025 год
[2026-05-30T06:52:14.048Z] VAK ARTICLE: Выпуск № 3, 2025 год
[2026-05-30T06:52:14.050Z] VAK JOURNAL: Выпуск № 2, 2025 год
[2026-05-30T06:52:15.197Z] VAK ARTICLE: Выпуск № 2, 2025 год
[2026-05-30T06:52:15.199Z] VAK JOURNAL: Выпуск № 1, 2025 год
[2026-05-30T06:52:16.039Z] VAK ARTICLE: Выпуск № 1, 2025 год
[2026-05-30T06:52:16.043Z] VAK JOURNAL: Выпуск №4, 2024 год
[2026-05-30T06:52:17.206Z] VAK ARTICLE: Выпуск №4, 2024 год
[2026-05-30T06:52:17.208Z] VAK JOURNAL: Выпуск №3, 2024 год
[2026-05-30T06:52:18.406Z] VAK ARTICLE: Выпуск №3, 2024 год
[2026-05-30T06:52:18.408Z] VAK JOURNAL: Выпуск №2, 2024 год
[2026-05-30T06:52:19.236Z] VAK ARTICLE: Выпуск №2, 2024 год
[2026-05-30T06:52:19.239Z] VAK JOURNAL: Выпуск №1, 2024 год
[2026-05-30T06:52:20.259Z] VAK ARTICLE: Выпуск №1, 2024 год
[2026-05-30T06:52:20.261Z] VAK JOURNAL: Выпуск № 4, 2023 год
[2026-05-30T06:52:21.416Z] VAK ARTICLE: Выпуск № 4, 2023 год
[2026-05-30T06:52:21.419Z] VAK JOURNAL: Выпуск №3, 2023 год
[2026-05-30T06:52:22.672Z] VAK ARTICLE: Выпуск №3, 2023 год
[2026-05-30T06:52:22.674Z] START OSHSU
[2026-05-30T06:52:23.415Z] OSHSU JOURNAL: Журналы ОшГУ
[2026-05-30T06:52:23.687Z] OSHSU JOURNAL: Регистрация
[2026-05-30T06:52:24.220Z] OSHSU JOURNAL: Вход
[2026-05-30T06:52:24.510Z] OSHSU JOURNAL: Вестник Ошского государственного университета
[2026-05-30T06:52:26.239Z] OSHSU ARTICLE: ОЦЕНКА УЛЬТРАЗВУКОВОЙ КАРТИНЫ ЖЕЛЧЕ-КАМЕННОЙ БОЛЕЗНИ И ДЕСТРУКТИВНОГО ХОЛЕЦИСТИТА В ПРОСПЕКТИВНОМ ИССЛЕДОВАНИИ В КЫРГЫЗСКОЙ РЕСПУБЛИКЕ
[2026-05-30T06:52:26.241Z] OSHSU ARTICLE: ФИЗИКО-ХИМИЧЕСКАЯ ХАРАКТЕРИСТИКА РОТОВОЙ ЖИДКОСТИ ДЕТЕЙ 15 ЛЕТ, ПРОЖИВАЮЩИХ В РАЗЛИЧНЫХ ЭКОЛОГИЧЕСКИХ НЕБЛАГОПРИЯТНЫХ РЕГИОНАХ ЮГА КЫРГЫЗСТАНА
[2026-05-30T06:52:26.243Z] OSHSU ARTICLE: КЛИНИЧЕСКИЕ ПОДХОДЫ К ЛЕЧЕНИЮ ДЕТЕЙ С НАРУШЕНИЯМИ ПОЛОЖЕНИЯ ЗУБОВ И ФОРМЫ ЗУБНЫХ ДУГ
[2026-05-30T06:52:26.245Z] OSHSU ARTICLE: ПРИМЕНЕНИЕ НАНОЧАСТИЦ СЕРЕБРА В МЕДИЦИНЕ
[2026-05-30T06:52:26.247Z] OSHSU ARTICLE: ПАРАМЕТРЫ ОКИСЛИТЕЛЬНОГО СТРЕССА И ЭНДОГЕННОЙ ИНТОКСИКАЦИИ ПРИ ЭКСПЕРИМЕНТАЛЬНОМ МОДЕЛИРОВАНИИ ДЕСТРУКТИВНОГО ХОЛЕЦИСТИТА
[2026-05-30T06:52:26.249Z] OSHSU ARTICLE: ИССЛЕДОВАНИЕ ИСХОДОВ ОПЕРАТИВНОГО ВМЕШАТЕЛЬСТВА У ПОЖИЛЫХ И СТАРЧЕСКИХ ПАЦИЕНТОВ С ЖЕЛЧНОКАМЕННОЙ БОЛЕЗНЬЮ, ОСЛОЖНЁННОЙ ОСТРЫМ ХОЛЕЦИСТИТОМ И ХОЛЕДОХОЛИТИАЗОМ
[2026-05-30T06:52:26.251Z] OSHSU ARTICLE: КРИКЕТ КАК ИНСТРУМЕНТ МЯГКОЙ СИЛЫ ИНДИИ В МЕЖДУНАРОДНЫХ ОТНОШЕНИЯХ
[2026-05-30T06:52:26.253Z] OSHSU ARTICLE: ДАЛЬНЕЙШАЯ СУДЬБА ЕНИСЕЙСКИХ КЫРГЫЗОВ, ПЕРЕСЕЛЕННЫХ В ДЖУНГАРИЮ В 1703 ГОДУ
[2026-05-30T06:52:26.255Z] OSHSU ARTICLE: ОБЩЕСТВЕННАЯ И РЕЛИГИОЗНАЯ ЖИЗНЬ В СРЕДНЕЙ АЗИИ В КАРАХАНИДСКИЙ ПЕРИОД
[2026-05-30T06:52:26.258Z] OSHSU ARTICLE: КОНЦЕПТУАЛЬНАЯ МОДЕЛЬ ПОДГОТОВКИ СТУДЕНТОВ ТЕХНИЧЕСКИХ СПЕЦИАЛЬНОСТЕЙ К ПРИМЕНЕНИЮ ТЕХНОЛОГИЙ МАШИННОГО ОБУЧЕНИЯ
[2026-05-30T06:52:26.260Z] OSHSU ARTICLE: СОЦИАЛЬНАЯ СРЕДА КАК ФАКТОР ФОРМИРОВАНИЯ ГРАЖДАНСКОЙ ОТВЕТСТВЕННОСТИ МЛАДШИХ ШКОЛЬНИКОВ В УСЛОВИЯХ ПЕРЕХОДА НА ДВЕНАДЦАТИЛЕТНЕЕ ОБРАЗОВАНИЕ
[2026-05-30T06:52:26.262Z] OSHSU ARTICLE: АНАЛИЗ ЦЕННОСТНОГО СОДЕРЖАНИЯ ТЕКСТОВ В УЧЕБНИКАХ КЫРГЫЗСКОГО И АНГЛИЙСКОГО ЯЗЫКА 5-КЛАССОВ
[2026-05-30T06:52:26.264Z] OSHSU ARTICLE: НАУЧНО-ПЕДАГОГИЧЕСКИЕ ОСНОВЫ МОНИТОРИНГА КАЧЕСТВА ПЕДАГОГИЧЕСКОГО ОБРАЗОВАНИЯ В ВЫСШИХ УЧЕБНЫХ ЗАВЕДЕНИЯХ: НА ПРИМЕРЕ ОШСКОГО ГОСУДАРСТВЕННОГО УНИВЕРСИТЕТА
[2026-05-30T06:52:26.266Z] OSHSU ARTICLE: ИСПОЛЬЗОВАНИЕ СОЦИАЛЬНО-ЭМОЦИОНАЛЬНОГО ОБУЧЕНИЯ КАК КОМПОНЕНТА ПРЕПОДАВАНИЯ АНГЛИЙСКОГО ЯЗЫКА В СЕЛЬСКИХ ШКОЛАХ КЫРГЫЗСТАНА
[2026-05-30T06:52:26.268Z] OSHSU ARTICLE: АСИМПТОТИКА РЕШЕНИЯ ДВУХТОЧЕЧНОЙ КРАЕВОЙ ЗАДАЧИ С ВНУТРЕННИМ СЛОЕМ
[2026-05-30T06:52:26.270Z] OSHSU ARTICLE: РАЗРАБОТКА МОДЕЛЕЙ ГЛУБОКОГО ОБУЧЕНИЯ ДЛЯ ПРОГНОЗИРОВАНИЯ БОЛЕЗНЕЙ РАСТЕНИЙ  В СЕЛЬСКОМ ХОЗЯЙСТВЕ НА ОСНОВЕ НА ОСНОВЕ ВЕЙВЛЕТ ПРЕОБРАЗОВАНИЙ
[2026-05-30T06:52:26.273Z] OSHSU ARTICLE: МЕТОД КРИПТОГРАФИЧЕСКОЙ ВЕРИФИКАЦИИ ПОДЛИННОСТИ ЭЛЕКТРОННЫХ ДОКУМЕНТОВ ЗА ПРЕДЕЛАМИ СИСТЕМЫ ДОКУМЕНТООБОРОТА С ИСПОЛЬЗОВАНИЕМ ДИНАМИЧЕСКИХ QR-КОДОВ
[2026-05-30T06:52:26.275Z] OSHSU ARTICLE: БИОТЕСТИРОВАНИЕ И ТОКСИКОЛОГИЧЕСКИЕ ИСПЫТАНИЯ СИНТЕЗИРОВАННЫХ ГУМИНОВЫХ ПРЕПАРАТОВ
[2026-05-30T06:52:26.277Z] OSHSU ARTICLE: УГЛЕВОДНЫЙ СОСТАВ ПОЛИСАХАРИДНОГО КОМПЛЕКСА ВЫДЕЛЕННОГО ИЗ ACANTHOPHYLLUM SUBGLABRUM
[2026-05-30T06:52:26.279Z] OSHSU ARTICLE: НЕФОРМАЛЬНЫЕ ИНСТИТУТЫ И СОЦИАЛЬНЫЙ КАПИТАЛ В ПЕРИФЕРИЙНЫХ ЭКОНОМИКАХ: ПРИМЕР РЕГИОНАЛЬНОГО ПРЕДПРИНИМАТЕЛЬСТВА В КЫРГЫЗСТАНЕ
[2026-05-30T06:52:26.281Z] OSHSU ARTICLE: ЦИФРОВОЕ ПРИСУТСТВИЕ ЭПОСА “МАНАС” В РУССКОЯЗЫЧНОМ КОРПУСЕ GOOGLE BOOKS NGRAM VIEWER
[2026-05-30T06:52:26.283Z] OSHSU ARTICLE: ВЗГЛЯДЫ МУХТАРА БОРБУГУЛОВА НА ПРОИСХОЖДЕНИЕ ЭПОСА «МАНАС»
[2026-05-30T06:52:26.285Z] OSHSU ARTICLE: МОЛОДЁЖНЫЙ СЛЕНГ В ЭПОХУ ГЛОБАЛИЗАЦИИ: СРАВНИТЕЛЬНЫЙ АНАЛИЗ ЗАИМСТВОВАНИЙ В РУССКОМ И КЫРГЫЗСКОМ ЯЗЫКАХ
[2026-05-30T06:52:26.287Z] OSHSU ARTICLE: ТЕОРИЯ И ПРАКТИКА ИЗУЧЕНИЯ  КАТЕГОРИИ ПАДЕЖА В КЫРГЫЗСКОМ ЯЗЫКЕ
[2026-05-30T06:52:26.289Z] OSHSU ARTICLE: ИССЛЕДОВАНИЕ ВЫРАЖЕНИЙ КАТЕГОРИИ ПРЕДЛОЖНОГО ПАДЕЖА В КЫРГЫЗСКОМ ЯЗЫКЕ И ИХ СООТВЕТСТВИЙ В КИТАЙСКОМ ЯЗЫКЕ С МЕЖЪЯЗЫКОВОЙ ТОЧКИ ЗРЕНИЯ
[2026-05-30T06:52:26.291Z] OSHSU ARTICLE: ОСОБЕННОСТИ ПАМЯТИ ТӨКМӨ АКЫНОВ
[2026-05-30T06:52:26.293Z] OSHSU ARTICLE: СОВРЕМЕННАЯ КЫРГЫЗСКАЯ СЕМЬЯ И ПРОБЛЕМА РЕЛИГИОЗНОЙ ИДЕНТИЧНОСТИ ВЫЗЫВАЮЩАЯ СПОРЫ
[2026-05-30T06:52:26.297Z] OSHSU JOURNAL: Вестник Ошского государственного университета. Сельское хозяйство: агрономия, ветеринария и зоотехния
[2026-05-30T06:52:26.867Z] OSHSU ARTICLE: ЭКОНОМИКА АГРАРНОГО СЕКТОРА ТАЛАССКОЙ ОБЛАСТИ КЫРГЫЗСКОЙ РЕСПУБЛИКИ ПОД ВЛИЯНИЕМ КЛИМАТИЧЕСКИХ ФАКТОРОВ
[2026-05-30T06:52:26.870Z] OSHSU ARTICLE: ЭФФЕКТИВНОСТЬ ЛЕЧЕНИЯ ДИКТИОКАУЛЁЗА ОВЕЦ
[2026-05-30T06:52:26.872Z] OSHSU JOURNAL: Научный журнал теологического факультета
[2026-05-30T06:52:27.494Z] OSHSU ARTICLE: Methods of calling to faith through the “Quran”
[2026-05-30T06:52:27.496Z] OSHSU ARTICLE: Criticism of wahhabism and relations with salafis
[2026-05-30T06:52:27.498Z] OSHSU ARTICLE: The relationships of Jews with Central Asia
[2026-05-30T06:52:27.500Z] OSHSU ARTICLE: Jerusalem (al-quds) and its place in the three monotheistic religions
[2026-05-30T06:52:27.502Z] OSHSU ARTICLE: Method of understanding the “Quran”
[2026-05-30T06:52:27.504Z] OSHSU ARTICLE: Tafsir Activities of Turks in the Ottoman Context and the Reasons for the Predominant Use of Arabic in Ottoman Exegesis Works
[2026-05-30T06:52:27.506Z] OSHSU ARTICLE: Müslüman Dünyada Çağdaş Düşünce
[2026-05-30T06:52:27.509Z] OSHSU JOURNAL: Вопросы востоковедения
[2026-05-30T06:52:28.962Z] OSHSU ARTICLE: ОБЩИЕ ДИДАКТИЧЕСКИЕ, МЕТОДИЧЕСКИЕ И СПЕЦИАЛЬНЫЕ МЕТОДОЛОГИЧЕСКИЕ ПРИНЦИПЫ ПРЕПОДАВАНИЯ КИТАЙСКОЙ ФОНЕТИКИ
[2026-05-30T06:52:28.964Z] OSHSU ARTICLE: РАДИКАЛЬНОЕ ДВИЖЕНИЕ ТАЛИБАН В АФГАНИСТАНЕ
[2026-05-30T06:52:28.966Z] OSHSU ARTICLE: ИРАНО-ИРАКСКИЕ КОНФЛИКТЫ: ИСТОРИЯ И СОВРЕМЕННОЕ СОСТОЯНИЕ
[2026-05-30T06:52:28.968Z] OSHSU ARTICLE: «ИСЛАМСКАЯ РЕВОЛЮЦИЯ» В ИРАНЕ КАК ФАКТОР МЕЖДУНАРОДНЫХ ОТНОШЕНИЙ В ПОСЛЕДНЕЙ ЧЕТВЕРТИ XX ВЕКА
[2026-05-30T06:52:28.970Z] OSHSU ARTICLE: КОНФЛИКТЫ НА КОРЕЙСКОМ ПОЛУОСТРОВЕ: ИСТОРИЯ И СОВРЕМЕННОЕ СОСТОЯНИЕ
[2026-05-30T06:52:28.976Z] OSHSU ARTICLE: ПРОБЛЕМЫ И ПЕРСПЕКТИВЫ РАЗВИТИЯ БИЗНЕСА С ВОСТОЧНЫМИ СТРАНАМИ
[2026-05-30T06:52:28.978Z] OSHSU ARTICLE: ТРАДИЦИОННЫЕ ВИДЫ КОВРОВ И КОВРОВЫХ ИЗДЕЛИЙ (НА ПРИМЕРЕ КОВРА “АРАБИ”)
[2026-05-30T06:52:28.980Z] OSHSU ARTICLE: ПОЛОЖЕНИЕ ЖЕНЩИН ВО ВРЕМЯ И ПОСЛЕ ВЕЛИКОЙ ОТЕЧЕСТВЕННОЙ ВОЙНЫ
[2026-05-30T06:52:28.982Z] OSHSU ARTICLE: ОТ ИДЕИ СОЗДАНИЯ КЫРГЫЗСКОЙ ГОРНОЙ ОБЛАСТИ ДО ОБРАЗОВАНИЕ КАРА КЫРГЫЗСКОЙ АВТОНОМНОЙ ОБЛАСТИ: ИСТОЧНИКОВЕДЧЕСКИЕ ВОПРОСЫ
[2026-05-30T06:52:28.984Z] OSHSU ARTICLE: КОНЦЕПТУАЛЬНЫЕ ПРОБЛЕМЫ ВЕЛИКОЙ ОТЕЧЕСТВЕННОЙ ВОЙНЫ, ТРЕБУЮЩИЕ ДЕТАЛЬНОГО ИЗУЧЕНИЯ И УТОЧНЕНИЯ
[2026-05-30T06:52:28.986Z] OSHSU ARTICLE: ЖЕНСКАЯ МОДА В СССР ВО ВРЕМЯ ВЕЛИКОЙ ОТЕЧЕСТВЕННОЙ ВОЙНЫ: БАЛАНС МЕЖДУ ПРАКТИЧНОСТЬЮ И ЖЕНСТВЕННОСТЬЮ
[2026-05-30T06:52:28.988Z] OSHSU ARTICLE: ГЕРОИЗМ ИСМАИЛБЕКА ТАРАНЧИЕВА: ПОДВИГ КЫРГЫЗСКОГО ЛЁТЧИКА В ВЕЛИКОЙ ОТЕЧЕСТВЕННОЙ ВОЙНЕ
[2026-05-30T06:52:28.990Z] OSHSU ARTICLE: ПОНЯТИЕ СУННЫ В ДЖАХИЛИИ И ИСЛАМЕ
[2026-05-30T06:52:28.992Z] OSHSU ARTICLE: КИТАЙСКО-ТАЙВАНЬСКИЕ КОНФЛИКТЫ: ИСТОРИЯ И СОВРЕМЕННОЕ СОСТОЯНИЕ
[2026-05-30T06:52:28.994Z] OSHSU ARTICLE: ГЕОПОЛИТИЧЕСКИЕ И ЭКОНОМИЧЕСКИЕ ОТНОШЕНИЯ МЕЖДУ КЫРГЫЗСКОЙ РЕСПУБЛИКОЙ И РОССИЙСКОЙ ФЕДЕРАЦИЕЙ (1991-2024 ГГ.)
[2026-05-30T06:52:28.996Z] OSHSU ARTICLE: РОЛЬ ТУРЦИИ В ЦЕНТРАЛЬНОЙ АЗИИ: ПРИОРИТЕТ КЫРГЫЗСТАНА ВО ВНЕШНЕЙ ПОЛИТИКЕ ТУРЦИИ
[2026-05-30T06:52:28.998Z] OSHSU ARTICLE: ДИПЛОМАТИЧЕСКИЕ АСПЕКТЫ АРАБО-ИЗРАИЛЬСКОГО КОНФЛИКТА
[2026-05-30T06:52:29.000Z] OSHSU ARTICLE: ОСВЕНЦИМ В ПРОИЗВЕДЕНИЯХ ЕВРОПЕЙСКИХ И АМЕРИКАНСКИХ ПИСАТЕЛЕЙ
[2026-05-30T06:52:29.003Z] OSHSU ARTICLE: СОВРЕМЕННОЕ РАЗВИТИЕ АРАБСКОГО ОБЩЕСТВА
[2026-05-30T06:52:29.005Z] OSHSU ARTICLE: ИСТОРИЯ ВОЗНИКНОВЕНИЯ ДИАЛЕКТОВ И ПУТЬ РАЗВИТИЯ ЕДИНОГО НАЦИОНАЛЬНОГО ЯЗЫКА КНР – ПУТУНХУА
[2026-05-30T06:52:29.007Z] OSHSU ARTICLE: ЦЕНТРАЛЬНАЯ АЗИЯ В ЕВРОПЕ: ФОРМИРОВАНИЕ, ДЕЯТЕЛЬНОСТЬ И СУДЬБА ТУРКЕСТАНСКОГО ЛЕГИОНА ВО ВТОРОЙ МИРОВОЙ ВОЙНЕ
[2026-05-30T06:52:29.010Z] OSHSU ARTICLE: ПОСЛОВИЦЫ, ПОГОВОРКИ И ПОВЕРЬЯ КЫРГЫЗОВ, СВЯЗАННЫЕ С КНУТОМ (КАМЧОЙ)
[2026-05-30T06:52:29.012Z] OSHSU ARTICLE: ЛИНГВИСТИЧЕСКОЕ ПРОСТРАНСТВО КИТАЯ КАК ВАЖНАЯ СОСТАВЛЯЮЩАЯ ЕДИНСТВА СТРАНЫ
[2026-05-30T06:52:29.014Z] OSHSU ARTICLE: ВОЕННО-ПОЛИТИЧЕСКОЕ СОТРУДНИЧЕСТВО В РАМКАХ ТАШКЕНТСКОГО СОГЛАШЕНИЯ В МЕЖДУНАРОДНО-ПОЛИТИЧЕСКОМ РАЗВИТИИ СТРАН ЦЕНТРАЛЬНОЙ АЗИИ
[2026-05-30T06:52:29.017Z] OSHSU ARTICLE: МУЗЫКАЛЬНОСТЬ КАК ТВОРЧЕСКИЙ СТИЛЬ ЧИНГИЗА АЙТМАТОВА
[2026-05-30T06:52:29.019Z] OSHSU ARTICLE: КОНКУРЕНЦИЯ МЕЖДУ КИТАЙСКИМИ И АНГЛИЙСКИМИ ЯЗЫКАМИ НА ДАЛЬНЕМ ВОСТОКЕ
[2026-05-30T06:52:29.021Z] OSHSU ARTICLE: СТРАНЫ ВОСТОКА, ГДЕ СВОБОДНО ГОВОРЯТ ПО-АНГЛИЙСКИ: РАСПРОСТРАНЕНИЕ, ПРИЧИНЫ И ПОСЛЕДСТВИЯ
[2026-05-30T06:52:29.024Z] OSHSU ARTICLE: ВЛИЯНИЕ РОДНОГО ЯЗЫКА НА ИЗУЧЕНИЕ ИНОСТРАННЫХ ЯЗЫКОВ
[2026-05-30T06:52:29.026Z] OSHSU ARTICLE: РОЛЬ КОРЕЙСКОГО ЯЗЫКА В СОЦИАЛЬНОЙ ИНТЕГРАЦИИ И МЕТОДЫ ИЗУЧЕНИЯ КОРЕЙСКОГО ЯЗЫКА
[2026-05-30T06:52:29.028Z] OSHSU ARTICLE: ЛИНГВОКУЛЬТУРОЛОГИЧЕСКИЙ АНАЛИЗ ПАРЕМИЙ ВОЕННО-ИСТОРИЧЕСКОГО СОДЕРЖАНИЯ В КЫРГЫЗСКОЙ И ВОСТОЧНОЙ ФОЛЬКЛОРНОЙ ТРАДИЦИИ
[2026-05-30T06:52:29.030Z] OSHSU ARTICLE: КЫРГЫЗСКО-КИТАЙСКОЕ СОТРУДНИЧЕСТВО В СФЕРЕ «ЗЕЛЕНЫХ» ИННОВАЦИЙ КАК ФАКТОР УСТОЙЧИВОГО РАЗВИТИЯ
[2026-05-30T06:52:29.032Z] OSHSU ARTICLE: АКТУАЛЬНОСТЬ ФИЛОЛОГИЧЕСКИХ И ЛИНГВИСТИЧЕСКИХ НАУК
[2026-05-30T06:52:29.034Z] OSHSU ARTICLE: ГЕОПОЛИТИЧЕСКАЯ СИТУАЦИЯ В СТРАНАХ ВОСТОКА И ЗАПАДА
[2026-05-30T06:52:29.037Z] OSHSU ARTICLE: ЕВРОПЕЙСКАЯ ШКОЛА ОРИЕНТАЛИСТОВ
[2026-05-30T06:52:29.040Z] OSHSU ARTICLE: АРАБИЗМЫ В КЫРГЫЗСКОМ ЯЗЫКЕ: ИСТОРИЯ, ИСПОЛЬЗОВАНИЕ И МЕСТО
[2026-05-30T06:52:29.042Z] OSHSU ARTICLE: МУСУЛЬМАНСКИЕ ТРАДИЦИИ И ПРАЗДНИКИ В КЫРГЫЗСКОМ НАРОДЕ
[2026-05-30T06:52:29.044Z] OSHSU ARTICLE: КЫРГЫЗСКО-ИРАНСКИЕ ДИПЛОМАТИЧЕСКИЕ ОТНОШЕНИЯ: ЭТАПЫ СТАНОВЛЕНИЯ И ПЕРСПЕКТИВЫ РАЗВИТИЯ
[2026-05-30T06:52:29.046Z] OSHSU ARTICLE: РЕГИОНАЛЬНЫЕ ОТРАСЛИ ВОСТОКОВЕДЕНИЯ: СТРУКТУРА И СПЕЦИФИКА НАУЧНОГО ИЗУЧЕНИЯ ВОСТОКА
[2026-05-30T06:52:29.049Z] OSHSU ARTICLE: ИСТОРИЯ ЭТНИЧЕСКИХ ОТНОШЕНИЙ И МИГРАЦИОННОГО ПРОЦЕССА В КЫРГЫЗСТАНЕ В НАЧАЛЬНЫЙ ПЕРИОД СОВЕТСКОЙ ВЛАСТИ (1920-40-Е ГГ.)
[2026-05-30T06:52:29.052Z] OSHSU ARTICLE: ИСТОРИЯ И СОВРЕМЕННОЕ СОСТОЯНИЕ ЯПОНО-КИТАЙСКИХ КОНФЛИКТОВ
[2026-05-30T06:52:29.054Z] OSHSU JOURNAL: Вестник Ошского государственного университета. История
[2026-05-30T06:52:30.003Z] OSHSU ARTICLE: ОТНОШЕНИЯ АДЖИ-БИЯ В СЕРЕДИНЕ XVIII ВЕКА С КОКАНДСКИМ ХАНСТВОМ И ДИНАСТИЕЙ ЦИН – НА ПРИМЕРЕ ЗАХВАТА ОША ИРДАНА-БЕКОМ
[2026-05-30T06:52:30.006Z] OSHSU ARTICLE: ИСТОРИЯ СТРОИТЕЛЬСТВА АВТОМОБИЛЬНЫХ ДОРОГ В КЫРГЫЗСТАНЕ В ПОСЛЕВОЕННЫЙ ПЕРИОД (1945-1960 ГГ.)
[2026-05-30T06:52:30.008Z] OSHSU ARTICLE: СТРАНЫ ЦЕНТРАЛЬНОЙ АЗИИ В ГОДЫ НЕЗАВИСИМОСТИ: РОЛЬ И ЗНАЧЕНИЕ НОВОГО УЗБЕКИСТАНА
[2026-05-30T06:52:30.010Z] OSHSU ARTICLE: ИЗ ИСТОРИИ ИЗУЧЕНИЯ УЧТЕПИНСКОГО АРХЕОЛОГИЧЕСКОГО ПАМЯТНИКА
[2026-05-30T06:52:30.012Z] OSHSU ARTICLE: КЫРГЫЗСКО-УЗБЕКСКИЕ ОТНОШЕНИЯ В КОНТЕКСТЕ АНКЛАВА СОХ: НОВЫЕ ВЫЗОВЫ И ПЕРСПЕКТИВЫ
[2026-05-30T06:52:30.014Z] OSHSU ARTICLE: АРХЕОЛОГИЧЕСКИЕ ПАМЯТНИКИ ЭПОХИ ВЕЛИКОГО ПЕРЕСЕЛЕНИЯ НАРОДОВ В ЮГО-ЗАПАДНОМ РЕГИОНЕ ФЕРГАНСКОЙ ДОЛИНЫ
[2026-05-30T06:52:30.016Z] OSHSU ARTICLE: ИСТОРИЯ СОЗДАНИЯ И РАЗВИТИЯ МОЛОДЕЖНОЙ ПОЛИТИКИ В ГОДЫ НЕЗАВИСИМОСТИ В КЫРГЫЗСКОЙ РЕСПУБЛИКЕ
[2026-05-30T06:52:30.019Z] OSHSU ARTICLE: ЛЕГЕНДАРНЫЙ АЙТМЕРЕК КУРБАШЫ ИЗ АЛАЙКУУ
[2026-05-30T06:52:30.021Z] OSHSU ARTICLE: ИСТОРИЯ РАЗВИТИЯ И ИНФОРМАЦИОННАЯ ПОЛИТИКИ ТЕЛЕВИЗИОННЫХ КАНАЛОВ В ГОРОДЕ ОШ (НА ПРИМЕРЕ «ПЯТОГО КАНАЛА»
[2026-05-30T06:52:30.024Z] OSHSU JOURNAL: Вестник Ошского государственного университета. Математика. Физика. Техника
[2026-05-30T06:52:30.664Z] OSHSU ARTICLE: Proving the correctness of the Collatz hypothesis
[2026-05-30T06:52:30.667Z] OSHSU ARTICLE: Задача сопряжения для уравнения составного и гиперболического типов четвертого порядка с двумя линиями изменения типа
[2026-05-30T06:52:30.669Z] OSHSU ARTICLE: Краевые задачи для уравнения смешанного типа 3-го порядка с переменными коэффициентами
[2026-05-30T06:52:30.671Z] OSHSU ARTICLE: Влияние малого возмущения на явление затягивания потери устойчи-вости
[2026-05-30T06:52:30.674Z] OSHSU ARTICLE: Нелинейная модель со свободной границей с переменными коэффициентами диффузии и адвекции для динамики популяции и загрязнителей в реках
[2026-05-30T06:52:30.676Z] OSHSU ARTICLE: Анализ и исследование солнечного отопления при проектировании жилых зданий
[2026-05-30T06:52:30.678Z] OSHSU ARTICLE: Разработка методики расчета тепловых потерь в элементах двухконтурных солнечных водонагревательных коллекторов
[2026-05-30T06:52:30.680Z] OSHSU JOURNAL: Вестник Ошского государственного университета. Химия. Биология. География
[2026-05-30T06:52:31.369Z] OSHSU ARTICLE: ИННОВАЦИОННЫЕ ПИТОМНИКИ В НОВЫХ УСЛОВИЯХ ВЫРАЩИВАНИЯ ПОСАДОЧНЫХ МАТЕРИАЛОВ
[2026-05-30T06:52:31.373Z] OSHSU ARTICLE: МЫШЕВИДНЫЕ ГРЫЗУНЫ ВЫСОКОГОРНОГО ВЫСОТНОГО ПОЯСА ЮЖНОГО КЫРГЫЗСТАНА
[2026-05-30T06:52:31.375Z] OSHSU ARTICLE: НАУЧНО-ИССЛЕДОВАТЕЛЬСКАЯ ДЕЯТЕЛЬНОСТЬ АКАДЕМИКА БЕКТЕМИРА МУРЗУБРАИМОВА: УСПЕШНЫЕ ИССЛЕДОВАНИЯ, ВОПЛОЩЕННЫЕ ИДЕИ, ВАЖНЫЕ УСПЕХИ
[2026-05-30T06:52:31.377Z] OSHSU ARTICLE: СЕРНОКИСЛОТНАЯ ПЕРЕРАБОТКА КАОЛИНА АНГРЕНСКОГО МЕСТОРОЖДЕНИЯ
[2026-05-30T06:52:31.379Z] OSHSU ARTICLE: КООРДИНИРОВАНИЕ СОЛЕЙ БИОМЕТАЛЛОВ С АЗОТО-, КИСЛОРОДО- И СЕРОСОДЕРЖАЩИМИ ОРГАНИЧЕСКИМИ ЛИГАНДАМИ
[2026-05-30T06:52:31.381Z] OSHSU ARTICLE: К ВОПРОСУ ГОСУДАРСТВЕННОЙ ПОДДЕРЖКИ  НАРОДНОГО РЕМЕСЛА
[2026-05-30T06:52:31.383Z] OSHSU ARTICLE: ОБЗОР НАУЧНОЙ ЛИТЕРАТУРЫ ПО НАРОДНЫМ РЕМЕСЛАМ: ОТРАСЛЕВЫЕ ВЗГЛЯДЫ
[2026-05-30T06:52:31.385Z] OSHSU ARTICLE: ПРИНЦИПЫ РАЦИОНАЛЬНОГО ПРИРОДОПОЛЬЗОВАНИЯ В МОСКОВСКОЙ ТЕРРИТОРИАЛЬНОЙ СХЕМЕ ОБРАЩЕНИЯ С ОТХОДАМИ
[2026-05-30T06:52:31.388Z] OSHSU ARTICLE: ВАЖНОСТЬ ОРГАНИЗАЦИИ ЭКСКУРСИОННЫХ ПОХОДОВ В ПОЗНАНИИ СВОЕГО КРАЯ
[2026-05-30T06:52:31.391Z] OSHSU ARTICLE: К ВОПРОСУ РАЗВИТИЯ ЛЕГКОЙ ПРОМЫШЛЕННОСТИ  В КЫРГЫЗСТАНЕ
[2026-05-30T06:52:31.393Z] OSHSU ARTICLE: ОБЗОР ЗАРУБЕЖНОЙ НАУЧНОЙ ЛИТЕРАТУРЫ  ПО ЛЕГКОЙ ПРОМЫШЛЕННОСТИ
[2026-05-30T06:52:31.395Z] OSHSU JOURNAL: Вестник Ошского государственного университета. Педагогика. Психология
[2026-05-30T06:52:32.412Z] OSHSU ARTICLE: МЕЖДУНАРОДНАЯ НАУЧНО-ПРАКТИЧЕСКАЯ КОНФЕРЕНЦИЯ «СОВРЕМЕННЫЕ ПОДХОДЫ И ТЕХНОЛОГИИ В МАТЕМАТИЧЕСКОМ ОБРАЗОВАНИИ» (12-13 СЕНТЯБРЯ 2025 г.)
[2026-05-30T06:52:32.414Z] OSHSU ARTICLE: МЕТОДИКА ИСПОЛЬЗОВАНИЯ ЖИЗНЕННЫХ ЗАДАЧ В СООТВЕТСТВИИ С ЦЕЛЯМИ УСТОЙЧИВОГО РАЗВИТИЯ В КУРСЕ МАТЕМАТИЧЕСКОГО АНАЛИЗА
[2026-05-30T06:52:32.416Z] OSHSU ARTICLE: ИСПОЛЬЗОВАНИЕ WOLFRAM В КАЧЕСТВЕ ЦИФРОВОГО ПОМОЩНИКА НА УРОКАХ МАТЕМАТИКИ: ПРЕИМУЩЕСТВА И ОГРАНИЧЕНИЯ
[2026-05-30T06:52:32.419Z] OSHSU ARTICLE: МЕТОДИКА АССЕССМЕНТ-ЦЕНТРА КАК ИНСТРУМЕНТ ОТБОРА ШКОЛЬНИКОВ ДЛЯ ИССЛЕДОВАТЕЛЬСКОЙ РАБОТЫ
[2026-05-30T06:52:32.420Z] OSHSU ARTICLE: ПРИМЕНЕНИЕ ДИФФЕРЕНЦИАЛЬНЫХ УРАВНЕНИЙ ПРИ ИЗУЧЕНИИ АЭРОГИДРОМЕХАНИКИ
[2026-05-30T06:52:32.422Z] OSHSU ARTICLE: ИЗУЧЕНИЕ ПОВЕРХНОСТЕЙ ВТОРОГО ПОРЯДКА С ИСПОЛЬЗОВАНИЕМ ИНФОРМАЦИОННЫХ ТЕХНОЛОГИЙ
[2026-05-30T06:52:32.425Z] OSHSU ARTICLE: РЕЗУЛЬТАТЫ ЭКСПЕРИМЕНТАЛЬНЫХ РАБОТ ПО ФОРМИРОВАНИЮ  РЕЗУЛЬТАТОВ ОБРАЗОВАНИЯ
[2026-05-30T06:52:32.427Z] OSHSU ARTICLE: ИНТЕГРАЦИЯ КЫРГЫЗСТАНА В МИРОВОЕ ОБРАЗОВАТЕЛЬНОЕ ПРОСТРАНСТВО  В РАМКАХ 12-ЛЕТНЕЙ СИСТЕМЫ ОБРАЗОВАНИЯ
[2026-05-30T06:52:32.429Z] OSHSU ARTICLE: ПЕДАГОГИЧЕСКИЕ ПОДХОДЫ К ПОДГОТОВКЕ УЧИТЕЛЕЙ В КОНТЕКСТЕ ЦИФРОВОЙ ТРАНСФОРМАЦИИ И ИСКУССТВЕННОГО ИНТЕЛЛЕКТА
[2026-05-30T06:52:32.431Z] OSHSU ARTICLE: ПРОСВЕЩЕНИЕ И ОБРАЗОВАНИЕ В ПСИХОЛОГИИ: ИНСТРУМЕНТЫ ПОВЫШЕНИЯ МЕНТАЛЬНОЙ ГРАМОТНОСТИ
[2026-05-30T06:52:32.433Z] OSHSU ARTICLE: СОВРЕМЕННЫЕ  ПОДХОДЫ  К  ВОСПИТАНИЮ  ПОДРОСТКОВ
[2026-05-30T06:52:32.435Z] OSHSU ARTICLE: ИСТОРИЯ СТАНОВЛЕНИЯ ПЕДАГОГИЧЕСКОГО МЕНЕДЖМЕНТА ЧЕРЕЗ УЧЕНИЯ СОВЕТСКИХ ПРОСВЕТИТЕЛЕЙ
[2026-05-30T06:52:32.439Z] OSHSU JOURNAL: Вестник Ошского государственного университета. Право
[2026-05-30T06:52:33.791Z] OSHSU ARTICLE: НРАВСТВЕННОЕ  ВОСПИТАНИЕ ОСУЖДЕННЫХ В ИСПРАВИТЕЛЬНЫХ УЧРЕЖДЕНИЯХ  КЫРГЫЗСКОЙ РЕСПУБЛИКИ- КАК МЕТОД ИСПРАВЛЕНИЯ И РЕСОЦИАЛИЗАЦИИ ОСУЖДЕННЫХ
[2026-05-30T06:52:33.793Z] OSHSU ARTICLE: ПРОФИЛАКТИКА ПОДРОСТКОВОЙ НАРКОМАНИИ  В ОБРАЗОВАТЕЛЬНОЙ СРЕДЕ:  ПРАВОВОЙ И ПЕДАГОГИЧЕСКИЙ ПОДХОД
[2026-05-30T06:52:33.795Z] OSHSU ARTICLE: ИСКУССТВЕННЫЙ ИНТЕЛЛЕКТ В СФЕРЕ НОТАРИАТА
[2026-05-30T06:52:33.797Z] OSHSU ARTICLE: ИДЕИ ЖАНА МОБИЛЬОНА И ДЖОН ГОВАРДА В СОЗДАНИЕ ПЕРВЫХ ПЕНИТЕНЦИАРНЫХ УЧРЕЖДЕНИЯХ ИСПОЛНЕНИЯ УГОЛОВНЫХ НАКАЗАНИЙ
[2026-05-30T06:52:33.799Z] OSHSU ARTICLE: АДМИНИСТРАТИВНОЕ НАКАЗАНИЕ КАК МЕРА ГОСУДАРСТВЕННОГО ПРИНУДИТЕЛЬНОГО ДЕЙСТВИЯ
[2026-05-30T06:52:33.801Z] OSHSU ARTICLE: МЕТОДОЛОГИЧЕСКИЕ ОСНОВЫ АНАЛИЗА ПРОБЛЕМЫ ЖЕСТОКОГО ОБРАЩЕНИЯ С ДЕТЬМИ В СОВРЕМЕННОЙ СЕМЬЕ
[2026-05-30T06:52:33.803Z] OSHSU ARTICLE: ОСОБЕННОСТИ ЗАКЛЮЧЕНИЯ ДОГОВОРА ЭНЕРГОСНАБЖЕНИЯ
[2026-05-30T06:52:33.805Z] OSHSU ARTICLE: ПЕРСПЕКТИВЫ И НАПРАВЛЕНИЯ РАЗВИТИЯ РЫНКА СТРАХОВАНИЯ ИМУЩЕСТВА В КР
[2026-05-30T06:52:33.807Z] OSHSU ARTICLE: ОСОБЕННОСТИ ПРАВОВОГО ПОЛОЖЕНИЯ ИНОСТРАННЫХ ГРАЖДАН
[2026-05-30T06:52:33.809Z] OSHSU ARTICLE: ПАТРИОТИЧЕСКОЕ ВОСПИТАНИЕ В ИСПРАВИТЕЛЬНЫХ УЧРЕЖДЕНИЯХ КЫРГЫЗСКОЙ РЕСПУБЛИКИ-КАК МЕТОД ИСПРАВЛЕНИЯ И РЕСОЦИАЛИЗАЦИИ ОСУЖДЕННЫХ, ОТБЫВАЮЩИХ НАКАЗАНИЯ
[2026-05-30T06:52:33.811Z] OSHSU ARTICLE: ПОНЯТИЕ УГОЛОВНО-ПРОЦЕССУАЛЬНОЙ ЮРИСДИКЦИИ
[2026-05-30T06:52:33.814Z] OSHSU ARTICLE: ВЛИЯНИЕ ЦИФРОВЫХ ТЕХНОЛОГИЙ НА СОВЕРШЕНИЕ НАСИЛЬСТВЕННЫХ ПРЕСТУПЛЕНИЙ В ОТНОШЕНИИ НЕСОВЕРШЕННОЛЕТНИХ
[2026-05-30T06:52:33.817Z] OSHSU ARTICLE: СОДЕРЖАТЕЛЬНЫЕ СТОРОНЫ ГОСУДАРСТВЕННОГО ПРИНУЖДЕНИЯ
[2026-05-30T06:52:33.819Z] OSHSU ARTICLE: ПОНЯТИЕ ГОСУДАРСТВЕННОГО ПРИНУЖДЕНИЯ
[2026-05-30T06:52:33.821Z] OSHSU ARTICLE: К ЮБИЛЕЮ ИЗВЕСТНОГО УЧЕНОГО-ПРАВОВЕДА ВИКТОРА НИКОЛАЕВИЧА ГРИГОРЬЕВА
[2026-05-30T06:52:33.823Z] OSHSU ARTICLE: ПРИНЦИПЫ УГОЛОВНОГО ЗАКОНОДАТЕЛЬСТВА КАК РУКОВОДЯЩИЕ НАЧАЛО УГОЛОВНОГО ЗАКОНА
[2026-05-30T06:52:33.825Z] OSHSU ARTICLE: ЗАЩИТА АВТОРСКОГО ПРАВА В КЫРГЫЗСТАНЕ
[2026-05-30T06:52:33.827Z] OSHSU ARTICLE: ПРАВО НА БЛАГОПРИЯТНУЮ ОКРУЖАЮЩУЮ СРЕДУ И СПОСОБЫ  ЕГО ЗАЩИТЫ  В КЫРГЫЗСКОЙ РЕСПУБЛИКЕ
[2026-05-30T06:52:33.829Z] OSHSU ARTICLE: ПРАВОВОЕ РЕГУЛИРОВАНИЕ БРАЧНЫХ ОТНОШЕНИЙ В МЕЖДУНАРОДНОМ ЧАСТНОМ ПРАВЕ
[2026-05-30T06:52:33.831Z] OSHSU ARTICLE: МЕЖДУНАРОДНОЕ СОТРУДНИЧЕСТВО КЫРГЫЗСКОЙ РЕСПУБЛИКИ В ОБЛАСТИ ОБЕСПЕЧЕНИЯ БЕЗОПАСНОСТИ ХВОСТОХРАНИЛИЩ
[2026-05-30T06:52:33.833Z] OSHSU ARTICLE: МЕЖДУНАРОДНО-ПРАВОВАЯ ЗАЩИТА ПРАВ МИГРАНТОВ КЫРГЫЗСКОЙ РЕСПУБЛИКИ
[2026-05-30T06:52:33.835Z] OSHSU ARTICLE: ЗЛОУПОТРЕБЛЕНИЕ ЗАКОНОМ В КОРПОРАТИВНЫХ ПРАВООТНОШЕНИЯХ
[2026-05-30T06:52:33.837Z] OSHSU ARTICLE: ПРОБЛЕМЫ ЛЕГИТИМНОСТИ ЧЛЕНОВ КООРДИНАЦИОННОГО СОВЕТА НАЦИОНАЛЬНОГО ЦЕНТРА КЫРГЫЗСКОЙ РЕСПУБЛИКИ ПО ПРЕДУПРЕЖДЕНИЮ ПЫТОК
[2026-05-30T06:52:33.839Z] OSHSU ARTICLE: АКТУАЛЬНЫЕ ВОПРОСЫ ПРИМЕНЕНИЯ ИСКУССТВЕННОГО ИНТЕЛЛЕКТА В СУДЕБНОМ ПРОЦЕССЕ: ТЕОРИЯ И ПРАКТИКА
[2026-05-30T06:52:33.842Z] OSHSU ARTICLE: ВОПРОСЫ КАСАЮЩИЕСЯ СЕМЕЙНО-БЫТОВОГО НАСИЛИЯ В ОТНОШЕНИИ ЖЕНЩИН И ДЕТЕЙ
[2026-05-30T06:52:33.843Z] OSHSU ARTICLE: ТЕОРЕТИЧЕСКИЕ АСПЕКТЫ БОРЬБЫ С КИБЕРПРЕСТУПНОСТЬЮ С ИСПОЛЬЗОВАНИЕМ ИСКУССТВЕННОГО ИНТЕЛЛЕКТА
[2026-05-30T06:52:33.845Z] OSHSU ARTICLE: ПОНЯТИЕ ПРАВОСУДИЯ И ЕГО ФУНКЦИИ В СИСТЕМЕ РАЗДЕЛЕНИЯ ВЛАСТЕЙ
[2026-05-30T06:52:33.847Z] OSHSU ARTICLE: ПРИНЦИПЫ УГОЛОВНОГО ПРАВА
[2026-05-30T06:52:33.849Z] OSHSU ARTICLE: ПОНЯТИЕ АВТОРСКОГО ПРАВА В СИСТЕМЕ ИНТЕЛЛЕКТУАЛЬНОЙ СОБСТВЕННОСТИ
[2026-05-30T06:52:33.851Z] OSHSU ARTICLE: ПРОБЛЕМЫ ГЕНДЕРНОГО НАСИЛИЯ В КЫРГЫЗСКОЙ РЕСПУБЛИКЕ
[2026-05-30T06:52:33.854Z] OSHSU JOURNAL: Вестник Ошского государственного университета. Филология
[2026-05-30T06:52:34.383Z] OSHSU ARTICLE: ИССЛЕДОВАНИЕ БАШКИРСКОГО УЧЕНОГО АБДУЛКАДИРА ИНАНА ПО «ЭПОСУ МАНАС» В ТУРЦИИ
[2026-05-30T06:52:34.384Z] OSHSU ARTICLE: НАРОДНАЯ ЭТНОГРАФИЯ: ПРЕИМУЩЕСТВА И НЕДОСТАТКИ
[2026-05-30T06:52:34.386Z] OSHSU ARTICLE: РОЛЬ СИНОНИМИИ В ИЗУЧЕНИИ АНГЛИЙСКОГО ЯЗЫКА КАК ВТОРОГО
[2026-05-30T06:52:34.388Z] OSHSU ARTICLE: ИМПЛИЦИТНОЕ ВЫРАЖЕНИЕ ОБРАЗА ЖЕНЩИНЫ В ПОСЛОВИЦАХ И ПОГОВОРКАХ РУССКОГО И КЫРГЫЗСКОГО ЯЗЫКОВ
[2026-05-30T06:52:34.390Z] OSHSU ARTICLE: ОСОБЕННОСТИ ИСПОЛЬЗОВАНИЕ СИНОНИМОВ В КЫРГЫЗКОМ, РУССКОМ И АНГЛИЙСКОМ ЯЗЫКАХ
[2026-05-30T06:52:34.392Z] OSHSU ARTICLE: ПЕРСОНАЖИ-«ЧУЖАКИ» В ПРОИЗВЕДЕНИЯХ ЧИНГИЗА АЙТМАТОВА
[2026-05-30T06:52:34.395Z] OSHSU ARTICLE: ТИТУЛ “АТА” В ТЮРКСКОЙ ТИТУЛАТУРЕ
[2026-05-30T06:52:34.396Z] OSHSU ARTICLE: НАЗВАНИЯ ПЛЕМЕН КАРЛУКОВ
[2026-05-30T06:52:34.400Z] OSHSU JOURNAL: Вестник Ошского государственного университета. Экономика
[2026-05-30T06:52:35.307Z] OSHSU ARTICLE: ЦИФРОВАЯ ГРАМОТНОСТЬ НАСЕЛЕНИЯ И КАДРОВЫЙ ПОТЕНЦИАЛ В УСЛОВИЯХ ЦИФРОВОЙ ТРАНСФОРМАЦИИ ЭКОНОМИКИ КЫРГЫЗСТАНА
[2026-05-30T06:52:35.309Z] OSHSU ARTICLE: СТРАТЕГИЧЕСКОЕ ПЛАНИРОВАНИЕ КАК ФАКТОР ОБЕСПЕЧЕНИЯ УСТОЙЧИВОГО РАЗВИТИЯ РЕГИОНОВ (на примере Узгенского района)
[2026-05-30T06:52:35.311Z] OSHSU ARTICLE: УМНОЕ ФЕРМЕРСТВО: ПЕРСПЕКТИВЫ, ТЕХНОЛОГИИ И ВЫЗОВЫ РАЗВИТИЯ
[2026-05-30T06:52:35.313Z] OSHSU ARTICLE: ПЕРСПЕКТИВЫ РЕАЛИЗАЦИИ ПРИНЦИПОВ PRB и ESG-ПРОДУКТОВ  В ДЕЯТЕЛЬНОСТИ КОММЕРЧЕСКИХ БАНКОВ КЫРГЫЗСТАНА
[2026-05-30T06:52:35.315Z] OSHSU ARTICLE: ВЛИЯНИЕ ТРУДОВОЙ МИГРАЦИИ НА КАЧЕСТВО ТРУДОВОЙ ЖИЗНИ СЕЛЬСКОГО НАСЕЛЕНИЯ ЮЖНЫХ РЕГИОНОВ КЫРГЫЗСКОЙ РЕСПУБЛИКИ
[2026-05-30T06:52:35.317Z] OSHSU ARTICLE: ВЛИЯНИЕ АНТИРОССИЙСКИХ САНКЦИЙ НА ТОРГОВЛЮ МЕЖДУ РОССИЕЙ И КЫРГЫЗСТАНОМ (2022–2024 ГГ.)
[2026-05-30T06:52:35.320Z] OSHSU ARTICLE: УСПЕШНОЕ РАЗВИТИЕ ПРЕДПРИНИМАТЕЛЬСТВА В РЕГИОНАХ КЫРГЫЗСТАНА: УГРОЗЫ И ВЫЗОВЫ СО СТОРОНЫ ТЕНЕВОЙ ЭКОНОМИКИ
[2026-05-30T06:52:35.323Z] OSHSU ARTICLE: ИНФРАСТРУКТУРА ПРОДОВОЛЬСТВЕННОГО РЫНКА КЫРГЫЗСКОЙ РЕСПУБЛИКИ: СОСТОЯНИЕ, ПРОБЛЕМЫ И ПЕРСПЕКТИВЫ
[2026-05-30T06:52:35.325Z] OSHSU ARTICLE: ЭФФЕКТИВНОЕ РАЗВИТИЕ ИНФРАСТРУКТУРЫ ПРОДОВОЛЬСТВЕННОГО РЫНКА КЫРГЫЗСКОЙ РЕСПУБЛИКИ В УСЛОВИЯХ ЭКОНОМИЧЕСКОЙ ИНТЕГРАЦИИ
[2026-05-30T06:52:35.327Z] OSHSU ARTICLE: ГОСУДАРСТВЕННЫЙ СУВЕРЕНИТЕТ И ОБРАЗОВАТЕЛЬНАЯ ИСКЛЮЧЁННОСТЬ ДЕТЕЙ-БЕЖЕНЦЕВ РОХИНДЖА В БАНГЛАДЕШ
[2026-05-30T06:52:35.329Z] OSHSU ARTICLE: СОВРЕМЕННЫЕ ТЕНДЕНЦИИ И СТРУКТУРА ЭКСПОРТА УЗГЕНСКОГО РИСА: РЕГИОНАЛЬНЫЕ ОСОБЕННОСТИ И РОЛЬ В ЭКОНОМИЧЕСКОЙ ДИВЕРСИФИКАЦИИ АГРАРНОГО СЕКТОРА КЫРГЫЗСКОЙ РЕСПУБЛИКИ
[2026-05-30T06:52:35.331Z] OSHSU ARTICLE: ЛИЗИНГ КАК ИНСТРУМЕНТ ИНВЕСТИЦИОННОЙ ПОЛИТИКИ В КЫРГЫЗСКОЙ РЕСПУБЛИКЕ: НАЛОГОВОЕ РЕГУЛИРОВАНИЕ, ПРОБЛЕМЫ И ПЕРСПЕКТИВЫ
[2026-05-30T06:52:35.333Z] OSHSU ARTICLE: ПРОБЛЕМЫ АНАЛИЗА ВЛИЯНИЯ КОЛИЧЕСТВЕННОЙ ОЦЕНКИ НА АРЕНДУ И АРЕНДНЫЕ АКТИВЫ
[2026-05-30T06:52:35.335Z] OSHSU ARTICLE: ОПРЕДЕЛЕНИЕ ПРИОРИТЕНЫХ НАПРАВЛЕНИЙ РАЗВИТИЯ СЕЛЬСКОГО ХОЗЯЙСТВА В КОНТЕКСТЕ КЛАСТЕРНОГО УПРАВЛЕНИЯ
[2026-05-30T06:52:35.337Z] OSHSU ARTICLE: ИСКУССТВЕННЫЙ ИНТЕЛЛЕКТ В АУДИТЕ: МЕЖДУ ПРОРЫВОМ И РИСКАМИ
[2026-05-30T06:52:35.339Z] OSHSU ARTICLE: ПРОБЛЕМЫ НАЛОГООБЛОЖЕНИЯ КОММЕРЧЕСКИХ БАНКОВ В КЫРГЫЗСТАНЕ И НЕКОТОРЫЕ ВГЛЯДЫ НА ИХ РЕШЕНИЕ
[2026-05-30T06:52:35.341Z] OSHSU ARTICLE: МЕТОДИЧЕСКИЕ ПОДХОДЫ К УЧЕТУ ЗАТРАТ НА ДОБЫЧУ УГЛЯ В КОНТЕКСТЕ ВНЕДРЕНИЯ СТАНДАРТОВ УСТОЙЧИВОГО РАЗВИТИЯ
[2026-05-30T06:52:35.343Z] OSHSU JOURNAL: Вестник Ошского государственного университета. Философия. Социология. Политология
[2026-05-30T06:52:36.609Z] OSHSU ARTICLE: О НЕЙТРАЛИЗАЦИИ ДЕСТРУКТИВНЫХ ИДЕОЛОГИЙ: ПРЕЗЕНТАЦИЯ ИДЕЙ
[2026-05-30T06:52:36.611Z] OSHSU ARTICLE: РАЗВИТИЕ ГУМАНИТАРНОЙ ДИПЛОМАТИИ В ЦЕНТРАЛЬНОЙ АЗИИ: ОПЫТ И ПРАКТИКИ МЕЖДУНАРОДНОГО ДВИЖЕНИЯ КРАСНОГО КРЕСТА И КРАСНОГО ПОЛУМЕСЯЦА
[2026-05-30T06:52:36.613Z] OSHSU ARTICLE: АНАЛИЗ ПОТЕНЦИАЛА ШОС В СИСТЕМЕ ГЛОБАЛЬНОГО УПРАВЛЕНИЯ
[2026-05-30T06:52:36.615Z] OSHSU ARTICLE: ВЛИЯНИЕ ГЛОБАЛИЗАЦИИ НА КУЛЬТУРУ КЫРГЫЗСТАНА И ЦЕННОСТИ МОЛОДЕЖИ: МЕЖДУНАРОДНЫЕ АСПЕКТЫ
[2026-05-30T06:52:36.617Z] OSHSU ARTICLE: СОТРУДНИЧЕСТВО СТРАН СНГ В ПРОТИВОДЕЙСТВИИ ТЕРРОРИЗМУ
[2026-05-30T06:52:36.619Z] OSHSU ARTICLE: СОВРЕМЕННАЯ ВНЕШНЕПОЛИТИЧЕСКАЯ СТРАТЕГИЯ СИ ЦЗИНЬПИНА
[2026-05-30T06:52:36.621Z] OSHSU ARTICLE: СТРАТЕГИЯ ЕВРОПЕЙСКОГО СОЮЗА «ГЛОБАЛЬНЫЙ ПОРТАЛ» КАК ИНСТРУМЕНТ ЭКОНОМИЧЕСКОЙ ДИПЛОМАТИИ И УСТОЙЧИВОГО РАЗВИТИЯ В ЦЕНТРАЛЬНОЙ АЗИИ
[2026-05-30T06:52:36.623Z] OSHSU ARTICLE: ИСТОРИКО-КУЛЬТУРНОЕ ВЗАИМОДЕЙСТВИЕ КЫРГЫЗСТАНА И ФРАНЦИИ ЧЕРЕЗ ПРИЗМУ ДИПЛОМАТИЧЕСКИХ ОТНОШЕНИЙ
[2026-05-30T06:52:36.625Z] OSHSU ARTICLE: КОРПОРАТИВНАЯ ОТВЕТСТВЕННОСТЬ КАК ИНСТРУМЕНТ ЗАЩИТЫ ПРАВ ИНВЕСТОРОВ В КЫРГЫЗСТАНЕ
[2026-05-30T06:52:36.627Z] OSHSU ARTICLE: СУБЪЕКТЫ И КЛАССИФИКАЦИЯ КОРПОРАТИВНОЙ ОТВЕТСТВЕННОСТИ В СОВРЕМЕННОМ ПРАВЕ
[2026-05-30T06:52:36.629Z] OSHSU ARTICLE: К ВОПРОСУ О ПРАВОВОЙ АДАПТАЦИИ КОРПОРАТИВНЫХ ОБРАЗОВАНИЙ В СОВРЕМЕННЫХ УСЛОВИЯХ КР (НА ПРИМЕРЕ ОАО «НАЦИОНАЛЬНАЯ ЭЛЕКТРИЧЕСКАЯ СЕТЬ КЫРГЫЗСТАНА»)
[2026-05-30T06:52:36.631Z] OSHSU ARTICLE: К ВОПРОСУ О ПРАВОВОЙ ЗАЩИТЕ ДЕТЕЙ В КЫРГЫЗСТАНЕ НА СОВРЕМЕННОМ ЭТАПЕ
[2026-05-30T06:52:36.633Z] OSHSU ARTICLE: ОБЕСПЕЧЕНИЕ ГЕНДЕРНОГО РАВЕНСТВА – ПРИОРИТЕТНОЕ НАПРАВЛЕНИЕ СТРАТЕГИИ НОВОГО УЗБЕКИСТАНА
[2026-05-30T06:52:36.635Z] OSHSU ARTICLE: ТЮРКСКИЕ ТРАДИЦИИ КОНЕВОДСТВА И КАВАЛЕРИИ НА СТЫКЕ ЦИВИЛИЗАЦИИ И ЭПОХ
[2026-05-30T06:52:36.637Z] OSHSU ARTICLE: ЖЕНЩИНЫ И СОЦИАЛЬНАЯ ЗАЩИТА В РЕГИОНАХ  КЫРГЫЗСТАНА
[2026-05-30T06:52:36.639Z] OSHSU ARTICLE: ЗАГРЯЗНЕНИЕ ВОЗДУХА ОТ ВЫБРОСОВ ТРАНСПОРТА И СОЦИАЛЬНАЯ УЯЗВИМОСТЬ ЛЮДЕЙ С ИНВАЛИДНОСТЬЮ В ГОРОДЕ ОШ
[2026-05-30T06:52:36.642Z] OSHSU ARTICLE: ОБРАЗОВАТЕЛЬНЫЕ БАРЬЕРЫ ДЛЯ СТУДЕНТОВ С ИНВАЛИДНОСТЬЮ
[2026-05-30T06:52:36.645Z] OSHSU ARTICLE: ФОРМИРОВАНИЕ КЫРГЫЗСКОЙ ТРАДИЦИОННОЙ МУЗЫКАЛЬНОЙ КУЛЬТУРЫ
[2026-05-30T06:52:36.647Z] OSHSU ARTICLE: ИЗУЧЕНИЕ ТРАДИЦИОННОГО МУЗЫКАЛЬНОГО ТВОРЧЕСТВА КҮҮ И ЕГО МЕСТА В НАЦИОНАЛЬНОЙ КУЛЬТУРЕ
[2026-05-30T06:52:36.649Z] OSHSU ARTICLE: СМЫСЛ И ИСТОРИЯ РАЗВИТИЯ КОНЦЕПЦИИ ОРКЕСТРА
[2026-05-30T06:52:36.652Z] OSHSU ARTICLE: РАЗВИТИЕ ОРКЕСТРОВОГО ЖАНРА В РОССИИ И В СОВЕТСКИЙ ПЕРИОД
[2026-05-30T06:52:36.654Z] OSHSU ARTICLE: РАЗВИТИЕ МУЗЫКАЛЬНОГО ВОСПРИЯТИЯ У ДОШКОЛЬНИКОВ
[2026-05-30T06:52:36.658Z] OSHSU ARTICLE: ФОРМИРОВАНИЕ ЭСТЕТИЧЕСКОГО ВКУСА В СОВРЕМЕННОЙ СОЦИОКУЛЬТУРНОЙ СИТУАЦИИ
[2026-05-30T06:52:36.660Z] OSHSU ARTICLE: РОЛЬ ИСКУССТВА В ПРОЦЕССЕ СОЦИАЛИЗАЦИИ ЧЕЛОВЕКА
[2026-05-30T06:52:36.662Z] OSHSU ARTICLE: РОЛЬ МУЗЫКИ В ЖИЗНИ ЧЕЛОВЕКА В ЭПОХУ ГЛОБАЛИЗАЦИИ
[2026-05-30T06:52:36.663Z] OSHSU ARTICLE: ТВОРЧЕСКИЙ ПУТЬ КЫРГЫЗСКОГО КОМПОЗИТОРА АСКАРА ТУЛЕЕВА
[2026-05-30T06:52:36.665Z] OSHSU ARTICLE: ИНТУИЦИЯ В ПРОЦЕССЕ ПОЗНАНИЯ
[2026-05-30T06:52:36.668Z] OSHSU ARTICLE: ПРОБЛЕМЫ РЕАЛИЗАЦИИ ГОСУДАРТСВЕННОЙ ПОЛИТИКИ В СФЕРЕ ВЫСШЕГО ОБРАЗОВАНИЯ (ФИЛОСОФСКИЙ АНАЛИЗ)
[2026-05-30T06:52:36.670Z] OSHSU JOURNAL: Вестник Ошского государственного университета. Медицина
[2026-05-30T06:52:37.250Z] OSHSU ARTICLE: РИСКИ ДЛЯ ОКРУЖАЮЩЕЙ СРЕДЫ И ЗДОРОВЬЯ, СВЯЗАННЫЕ С ИСПОЛЬЗОВАНИЕМ ПЕСТИЦИДОВ В КЫРГЫЗСТАНЕ
[2026-05-30T06:52:37.252Z] OSHSU ARTICLE: ДЕПРЕССИЯ И НАРУШЕНИЯ ПСИХИЧЕСКОГО ЗДОРОВЬЯ У СТУДЕНТОВ-МЕДИКОВ
[2026-05-30T06:52:37.255Z] OSHSU ARTICLE: ВЛИЯНИЕ ПРИВЫЧЕК И ПРОДОЛЖИТЕЛЬНОСТИ СНА НА УСПЕВАЕМОСТЬ И АДАПТАЦИЮ
[2026-05-30T06:52:37.257Z] OSHSU ARTICLE: ИСПОЛЬЗОВАНИЕ ИНФОРМАЦИОННЫХ ТЕХНОЛОГИЙ В ПРЕПОДАВАНИИ ДИСЦИПЛИНЫ “БИОХИМИЯ” СТУДЕНТАМ МЕЖДУНАРОДНОГО МЕДИЦИНСКОГО ФАКУЛЬТЕТА ОШГУ
[2026-05-30T06:52:37.259Z] OSHSU ARTICLE: ПРИМЕНЕНИЕ ЛЕКАРСТВЕННЫХ РАСТЕНИЙ ПРИ ОТРАВЛЕНИЯХ В РЕЗУЛЬТАТЕ НЕПРЕРЫВНОЙ РАБОТЫ ЗА КОМПЬЮТЕРОМ
[2026-05-30T06:52:37.260Z] OSHSU ARTICLE: БРОНХИАЛЬНАЯ АСТМА У ДЕТЕЙ: ПРИЗЫВ К ДЕЙСТВИЯМ В РАЗВИВАЮЩИХСЯ СТРАНАХ
[2026-05-30T06:52:37.262Z] OSHSU ARTICLE: ЭКСПРЕСС-МЕТОД ОПРЕДЕЛЕНИЯ БИОЛОГИЧЕСКОГО ВОЗРАСТА ЧЕЛОВЕКА
[2026-05-30T06:52:37.266Z] OSHSU JOURNAL: Journal of Osh State University. Differential Equations
[2026-05-30T06:52:37.934Z] OSHSU ARTICLE: Inverse Problem for a Nonlinear Pseudiparabolic Differential Equation with Final Condition and Gerasimov–Caputo Operator
[2026-05-30T06:52:37.937Z] OSHSU ARTICLE: Boundary Value Problem for a System of Fredholm Integro-Differential Equations with Maxima
[2026-05-30T06:52:37.939Z] OSHSU ARTICLE: Mathematical Modeling of a Reaction-Diffusion System with a Free Boundary
[2026-05-30T06:52:37.941Z] OSHSU ARTICLE: Boundary Value Problem for a Seventh Order Nonhomogeneous Partial Differential Equation
[2026-05-30T06:52:37.943Z] OSHSU ARTICLE: Nonlinear Fractional-Differential-Integral Equation with Product of Two Nonlinear Functions, Degeneration and Maxima
[2026-05-30T06:52:37.949Z] OSHSU ARTICLE: Optimal Control Problem for an Impulsive Systems of FunctionalDifferential Equations with a Nonlinear Function under the Sign of a First-Order Differential
[2026-05-30T06:52:37.952Z] OSHSU ARTICLE: Density-Type Properties of the Space of the Solutions of an Ordinary Differential Equation
[2026-05-30T06:52:37.953Z] OSHSU ARTICLE: A Boundary Value Problem with the Generalized M. Saigo Operator for a Mixed-Type Equation with the Hilfer Fractional Derivative
[2026-05-30T06:52:37.955Z] OSHSU ARTICLE: Boundary Value Problems with Mixed Dirichlet and Neumann Conditions for Three-Dimensional Degenerate Elliptic Equation
[2026-05-30T06:52:37.957Z] OSHSU ARTICLE: On G. E. Hutchinson Population Model for Fractional Differential Equations with Maxima
[2026-05-30T06:52:37.960Z] OSHSU JOURNAL: Научный журнал Арашанского гуманитарного института
[2026-05-30T06:52:38.175Z] OSHSU issue error: Request failed with status code 500
[2026-05-30T06:52:38.178Z] OSHSU JOURNAL: English
[2026-05-30T06:52:39.019Z] OSHSU JOURNAL: Türkçe
[2026-05-30T06:52:39.992Z] OSHSU JOURNAL: Кыргызча
[2026-05-30T06:52:40.838Z] OSHSU JOURNAL: Русский
[2026-05-30T06:52:41.680Z] DONE: {"journals":35,"articles":228}
